Workbook

Sheet Episodes
A1: Id | B1: EraId | C1: EraDescription | D1: EpisodeFormatId | E1: EpisodeFormatDescription | F1: Doctor | G1: Actor | H1: Season | I1: SeasonFormatId | J1: SeasonFormatDescription | K1: Story | L1: StoryInSeason | M1: StoryTitle | N1: PartInStory | O1: PartTitle | P1: EpisodeInSeason | Q1: OriginalAirDate | R1: Runtime | S1: IsMissing | T1: WriterIds | U1: Writers | V1: WriterAliasId | W1: WriterAlias | X1: OvernightRatings | Y1: ConsolidatedRatings | Z1: ExtendedRatings | AA1: PopulationAdjustedOvernightRatings | AB1: PopulationAdjustedConsolidatedRatings | AC1: PopulationAdjustedExtendedRatings | AD1: Population | AE1: PopulationFactor | AF1: Note | AG1: WikiFormatId | AH1: WikiFormatDescription | AI1: WikiUrl
A3: 1 | B3: 1 | C3: =VLOOKUP(B3,Eras!$A$3:$B$999,2,0) -> Classic | D3: 1 | E3: =VLOOKUP(D3,EpisodeFormats!$A$3:$B$999,2,0) -> Series | F3: 1 | G3: =VLOOKUP(F3,Doctors!$A$3:$B$999,2,0) -> William Hartnell | H3: 1 | I3: 1 | J3: =VLOOKUP(I3,SeasonFormats!$A$3:$B$999,2,0) -> Season | K3: 1 | L3: 1 | M3: An Unearthly Child | N3: 1 | O3: An Unearthly Child | P3: 1 | Q3: 1963-11-23 | R3: -25 | T3: 21 | U3: {=_xlfn.TEXTJOIN(",",TRUE,_xlfn.XLOOKUP(_xlfn.FILTERXML("<t><s>" & SUBSTITUTE(T3,",","</s><s>") & "</s></t>", "//s"),Writers!$A$3:$A$999,Writers!$B$3:$B$999,""))} -> Anthony Coburn | W3: =IF(V3="","",_xlfn.XLOOKUP(V3,Writers!$A$3:$A$999,Writers!$B$3:$B$999,"")) | X3: 4.4 | AA3: =IF(ISBLANK(X3),"",ROUND(X3*AE3,2)) -> 5.6 | AB3: =IF(ISBLANK(Y3),"",ROUND(Y3*AE3,2)) | AC3: =IF(ISBLANK(Z3),"",ROUND(Z3*AE3,2)) | AD3: =VLOOKUP(YEAR(Q3),Populations!$A$3:$B$999,2,0) -> 53624900 | AE3: =(Calculations!B1/AD3) -> 1.273754 | AG3: 1 | AH3: =VLOOKUP(AG3,WikiFormats!$A$3:$B$999,2,0) -> Story | AI3: https://en.wikipedia.org/wiki/An_Unearthly_Child
A4: 2 | B4: 1 | C4: =VLOOKUP(B4,Eras!$A$3:$B$999,2,0) -> Classic | D4: 1 | E4: =VLOOKUP(D4,EpisodeFormats!$A$3:$B$999,2,0) -> Series | F4: 1 | G4: =VLOOKUP(F4,Doctors!$A$3:$B$999,2,0) -> William Hartnell | H4: 1 | I4: 1 | J4: =VLOOKUP(I4,SeasonFormats!$A$3:$B$999,2,0) -> Season | K4: 1 | L4: 1 | M4: An Unearthly Child | N4: 2 | O4: The Cave of Skulls | P4: 2 | Q4: 1963-11-30 | R4: -25 | T4: 21 | U4: {=_xlfn.TEXTJOIN(",",TRUE,_xlfn.XLOOKUP(_xlfn.FILTERXML("<t><s>" & SUBSTITUTE(T4,",","</s><s>") & "</s></t>", "//s"),Writers!$A$3:$A$999,Writers!$B$3:$B$999,""))} -> Anthony Coburn | W4: =IF(V4="","",_xlfn.XLOOKUP(V4,Writers!$A$3:$A$999,Writers!$B$3:$B$999,"")) | X4: 5.9 | AA4: =IF(ISBLANK(X4),"",ROUND(X4*AE4,2)) -> 7.52 | AB4: =IF(ISBLANK(Y4),"",ROUND(Y4*AE4,2)) | AC4: =IF(ISBLANK(Z4),"",ROUND(Z4*AE4,2)) | AD4: =VLOOKUP(YEAR(Q4),Populations!$A$3:$B$999,2,0) -> 53624900 | AE4: =(Calculations!B1/AD4) -> 1.273754 | AG4: 1 | AH4: =VLOOKUP(AG4,WikiFormats!$A$3:$B$999,2,0) -> Story | AI4: https://en.wikipedia.org/wiki/An_Unearthly_Child
A5: 3 | B5: 1 | C5: =VLOOKUP(B5,Eras!$A$3:$B$999,2,0) -> Classic | D5: 1 | E5: =VLOOKUP(D5,EpisodeFormats!$A$3:$B$999,2,0) -> Series | F5: 1 | G5: =VLOOKUP(F5,Doctors!$A$3:$B$999,2,0) -> William Hartnell | H5: 1 | I5: 1 | J5: =VLOOKUP(I5,SeasonFormats!$A$3:$B$999,2,0) -> Season | K5: 1 | L5: 1 | M5: An Unearthly Child | N5: 3 | O5: The Forest of Fear | P5: 3 | Q5: 1963-12-07 | R5: -25 | T5: 21 | U5: {=_xlfn.TEXTJOIN(",",TRUE,_xlfn.XLOOKUP(_xlfn.FILTERXML("<t><s>" & SUBSTITUTE(T5,",","</s><s>") & "</s></t>", "//s"),Writers!$A$3:$A$999,Writers!$B$3:$B$999,""))} -> Anthony Coburn | W5: =IF(V5="","",_xlfn.XLOOKUP(V5,Writers!$A$3:$A$999,Writers!$B$3:$B$999,"")) | X5: 6.9 | AA5: =IF(ISBLANK(X5),"",ROUND(X5*AE5,2)) -> 8.79 | AB5: =IF(ISBLANK(Y5),"",ROUND(Y5*AE5,2)) | AC5: =IF(ISBLANK(Z5),"",ROUND(Z5*AE5,2)) | AD5: =VLOOKUP(YEAR(Q5),Populations!$A$3:$B$999,2,0) -> 53624900 | AE5: =(Calculations!B1/AD5) -> 1.273754 | AG5: 1 | AH5: =VLOOKUP(AG5,WikiFormats!$A$3:$B$999,2,0) -> Story | AI5: https://en.wikipedia.org/wiki/An_Unearthly_Child
A6: 4 | B6: 1 | C6: =VLOOKUP(B6,Eras!$A$3:$B$999,2,0) -> Classic | D6: 1 | E6: =VLOOKUP(D6,EpisodeFormats!$A$3:$B$999,2,0) -> Series | F6: 1 | G6: =VLOOKUP(F6,Doctors!$A$3:$B$999,2,0) -> William Hartnell | H6: 1 | I6: 1 | J6: =VLOOKUP(I6,SeasonFormats!$A$3:$B$999,2,0) -> Season | K6: 1 | L6: 1 | M6: An Unearthly Child | N6: 4 | O6: The Firemaker | P6: 4 | Q6: 1963-12-14 | R6: -25 | T6: 21 | U6: {=_xlfn.TEXTJOIN(",",TRUE,_xlfn.XLOOKUP(_xlfn.FILTERXML("<t><s>" & SUBSTITUTE(T6,",","</s><s>") & "</s></t>", "//s"),Writers!$A$3:$A$999,Writers!$B$3:$B$999,""))} -> Anthony Coburn | W6: =IF(V6="","",_xlfn.XLOOKUP(V6,Writers!$A$3:$A$999,Writers!$B$3:$B$999,"")) | X6: 6.4 | AA6: =IF(ISBLANK(X6),"",ROUND(X6*AE6,2)) -> 8.15 | AB6: =IF(ISBLANK(Y6),"",ROUND(Y6*AE6,2)) | AC6: =IF(ISBLANK(Z6),"",ROUND(Z6*AE6,2)) | AD6: =VLOOKUP(YEAR(Q6),Populations!$A$3:$B$999,2,0) -> 53624900 | AE6: =(Calculations!B1/AD6) -> 1.273754 | AG6: 1 | AH6: =VLOOKUP(AG6,WikiFormats!$A$3:$B$999,2,0) -> Story | AI6: https://en.wikipedia.org/wiki/An_Unearthly_Child
A7: 5 | B7: 1 | C7: =VLOOKUP(B7,Eras!$A$3:$B$999,2,0) -> Classic | D7: 1 | E7: =VLOOKUP(D7,EpisodeFormats!$A$3:$B$999,2,0) -> Series | F7: 1 | G7: =VLOOKUP(F7,Doctors!$A$3:$B$999,2,0) -> William Hartnell | H7: 1 | I7: 1 | J7: =VLOOKUP(I7,SeasonFormats!$A$3:$B$999,2,0) -> Season | K7: 2 | L7: 2 | M7: The Daleks | N7: 1 | O7: The Dead Planet | P7: 5 | Q7: 1963-12-21 | R7: 24 | T7: 81 | U7: {=_xlfn.TEXTJOIN(",",TRUE,_xlfn.XLOOKUP(_xlfn.FILTERXML("<t><s>" & SUBSTITUTE(T7,",","</s><s>") & "</s></t>", "//s"),Writers!$A$3:$A$999,Writers!$B$3:$B$999,""))} -> Terry Nation | W7: =IF(V7="","",_xlfn.XLOOKUP(V7,Writers!$A$3:$A$999,Writers!$B$3:$B$999,"")) | X7: 6.9 | AA7: =IF(ISBLANK(X7),"",ROUND(X7*AE7,2)) -> 8.79 | AB7: =IF(ISBLANK(Y7),"",ROUND(Y7*AE7,2)) | AC7: =IF(ISBLANK(Z7),"",ROUND(Z7*AE7,2)) | AD7: =VLOOKUP(YEAR(Q7),Populations!$A$3:$B$999,2,0) -> 53624900 | AE7: =(Calculations!B1/AD7) -> 1.273754 | AG7: 1 | AH7: =VLOOKUP(AG7,WikiFormats!$A$3:$B$999,2,0) -> Story | AI7: https://en.wikipedia.org/wiki/The_Daleks
A8: 6 | B8: 1 | C8: =VLOOKUP(B8,Eras!$A$3:$B$999,2,0) -> Classic | D8: 1 | E8: =VLOOKUP(D8,EpisodeFormats!$A$3:$B$999,2,0) -> Series | F8: 1 | G8: =VLOOKUP(F8,Doctors!$A$3:$B$999,2,0) -> William Hartnell | H8: 1 | I8: 1 | J8: =VLOOKUP(I8,SeasonFormats!$A$3:$B$999,2,0) -> Season | K8: 2 | L8: 2 | M8: The Daleks | N8: 2 | O8: The Survivors | P8: 6 | Q8: 1963-12-28 | R8: 24 | T8: 81 | U8: {=_xlfn.TEXTJOIN(",",TRUE,_xlfn.XLOOKUP(_xlfn.FILTERXML("<t><s>" & SUBSTITUTE(T8,",","</s><s>") & "</s></t>", "//s"),Writers!$A$3:$A$999,Writers!$B$3:$B$999,""))} -> Terry Nation | W8: =IF(V8="","",_xlfn.XLOOKUP(V8,Writers!$A$3:$A$999,Writers!$B$3:$B$999,"")) | X8: 6.4 | AA8: =IF(ISBLANK(X8),"",ROUND(X8*AE8,2)) -> 8.15 | AB8: =IF(ISBLANK(Y8),"",ROUND(Y8*AE8,2)) | AC8: =IF(ISBLANK(Z8),"",ROUND(Z8*AE8,2)) | AD8: =VLOOKUP(YEAR(Q8),Populations!$A$3:$B$999,2,0) -> 53624900 | AE8: =(Calculations!B1/AD8) -> 1.273754 | AG8: 1 | AH8: =VLOOKUP(AG8,WikiFormats!$A$3:$B$999,2,0) -> Story | AI8: https://en.wikipedia.org/wiki/The_Daleks
A9: 7 | B9: 1 | C9: =VLOOKUP(B9,Eras!$A$3:$B$999,2,0) -> Classic | D9: 1 | E9: =VLOOKUP(D9,EpisodeFormats!$A$3:$B$999,2,0) -> Series | F9: 1 | G9: =VLOOKUP(F9,Doctors!$A$3:$B$999,2,0) -> William Hartnell | H9: 1 | I9: 1 | J9: =VLOOKUP(I9,SeasonFormats!$A$3:$B$999,2,0) -> Season | K9: 2 | L9: 2 | M9: The Daleks | N9: 3 | O9: The Escape | P9: 7 | Q9: 1964-01-04 | R9: 25 | T9: 81 | U9: {=_xlfn.TEXTJOIN(",",TRUE,_xlfn.XLOOKUP(_xlfn.FILTERXML("<t><s>" & SUBSTITUTE(T9,",","</s><s>") & "</s></t>", "//s"),Writers!$A$3:$A$999,Writers!$B$3:$B$999,""))} -> Terry Nation | W9: =IF(V9="","",_xlfn.XLOOKUP(V9,Writers!$A$3:$A$999,Writers!$B$3:$B$999,"")) | X9: 8.9 | AA9: =IF(ISBLANK(X9),"",ROUND(X9*AE9,2)) -> 11.26 | AB9: =IF(ISBLANK(Y9),"",ROUND(Y9*AE9,2)) | AC9: =IF(ISBLANK(Z9),"",ROUND(Z9*AE9,2)) | AD9: =VLOOKUP(YEAR(Q9),Populations!$A$3:$B$999,2,0) -> 53990800 | AE9: =(Calculations!B1/AD9) -> 1.2651217 | AG9: 1 | AH9: =VLOOKUP(AG9,WikiFormats!$A$3:$B$999,2,0) -> Story | AI9: https://en.wikipedia.org/wiki/The_Daleks
A10: 8 | B10: 1 | C10: =VLOOKUP(B10,Eras!$A$3:$B$999,2,0) -> Classic | D10: 1 | E10: =VLOOKUP(D10,EpisodeFormats!$A$3:$B$999,2,0) -> Series | F10: 1 | G10: =VLOOKUP(F10,Doctors!$A$3:$B$999,2,0) -> William Hartnell | H10: 1 | I10: 1 | J10: =VLOOKUP(I10,SeasonFormats!$A$3:$B$999,2,0) -> Season | K10: 2 | L10: 2 | M10: The Daleks | N10: 4 | O10: The Ambush | P10: 8 | Q10: 1964-01-11 | R10: 24 | T10: 81 | U10: {=_xlfn.TEXTJOIN(",",TRUE,_xlfn.XLOOKUP(_xlfn.FILTERXML("<t><s>" & SUBSTITUTE(T10,",","</s><s>") & "</s></t>", "//s"),Writers!$A$3:$A$999,Writers!$B$3:$B$999,""))} -> Terry Nation | W10: =IF(V10="","",_xlfn.XLOOKUP(V10,Writers!$A$3:$A$999,Writers!$B$3:$B$999,"")) | X10: 9.9 | AA10: =IF(ISBLANK(X10),"",ROUND(X10*AE10,2)) -> 12.52 | AB10: =IF(ISBLANK(Y10),"",ROUND(Y10*AE10,2)) | AC10: =IF(ISBLANK(Z10),"",ROUND(Z10*AE10,2)) | AD10: =VLOOKUP(YEAR(Q10),Populations!$A$3:$B$999,2,0) -> 53990800 | AE10: =(Calculations!B1/AD10) -> 1.2651217 | AG10: 1 | AH10: =VLOOKUP(AG10,WikiFormats!$A$3:$B$999,2,0) -> Story | AI10: https://en.wikipedia.org/wiki/The_Daleks
A11: 9 | B11: 1 | C11: =VLOOKUP(B11,Eras!$A$3:$B$999,2,0) -> Classic | D11: 1 | E11: =VLOOKUP(D11,EpisodeFormats!$A$3:$B$999,2,0) -> Series | F11: 1 | G11: =VLOOKUP(F11,Doctors!$A$3:$B$999,2,0) -> William Hartnell | H11: 1 | I11: 1 | J11: =VLOOKUP(I11,SeasonFormats!$A$3:$B$999,2,0) -> Season | K11: 2 | L11: 2 | M11: The Daleks | N11: 5 | O11: The Expedition | P11: 9 | Q11: 1964-01-18 | R11: 24 | T11: 81 | U11: {=_xlfn.TEXTJOIN(",",TRUE,_xlfn.XLOOKUP(_xlfn.FILTERXML("<t><s>" & SUBSTITUTE(T11,",","</s><s>") & "</s></t>", "//s"),Writers!$A$3:$A$999,Writers!$B$3:$B$999,""))} -> Terry Nation | W11: =IF(V11="","",_xlfn.XLOOKUP(V11,Writers!$A$3:$A$999,Writers!$B$3:$B$999,"")) | X11: 9.9 | AA11: =IF(ISBLANK(X11),"",ROUND(X11*AE11,2)) -> 12.52 | AB11: =IF(ISBLANK(Y11),"",ROUND(Y11*AE11,2)) | AC11: =IF(ISBLANK(Z11),"",ROUND(Z11*AE11,2)) | AD11: =VLOOKUP(YEAR(Q11),Populations!$A$3:$B$999,2,0) -> 53990800 | AE11: =(Calculations!B1/AD11) -> 1.2651217 | AG11: 1 | AH11: =VLOOKUP(AG11,WikiFormats!$A$3:$B$999,2,0) -> Story | AI11: https://en.wikipedia.org/wiki/The_Daleks
A12: 10 | B12: 1 | C12: =VLOOKUP(B12,Eras!$A$3:$B$999,2,0) -> Classic | D12: 1 | E12: =VLOOKUP(D12,EpisodeFormats!$A$3:$B$999,2,0) -> Series | F12: 1 | G12: =VLOOKUP(F12,Doctors!$A$3:$B$999,2,0) -> William Hartnell | H12: 1 | I12: 1 | J12: =VLOOKUP(I12,SeasonFormats!$A$3:$B$999,2,0) -> Season | K12: 2 | L12: 2 | M12: The Daleks | N12: 6 | O12: The Ordeal | P12: 10 | Q12: 1964-01-25 | R12: 26 | T12: 81 | U12: {=_xlfn.TEXTJOIN(",",TRUE,_xlfn.XLOOKUP(_xlfn.FILTERXML("<t><s>" & SUBSTITUTE(T12,",","</s><s>") & "</s></t>", "//s"),Writers!$A$3:$A$999,Writers!$B$3:$B$999,""))} -> Terry Nation | W12: =IF(V12="","",_xlfn.XLOOKUP(V12,Writers!$A$3:$A$999,Writers!$B$3:$B$999,"")) | X12: 10.4 | AA12: =IF(ISBLANK(X12),"",ROUND(X12*AE12,2)) -> 13.16 | AB12: =IF(ISBLANK(Y12),"",ROUND(Y12*AE12,2)) | AC12: =IF(ISBLANK(Z12),"",ROUND(Z12*AE12,2)) | AD12: =VLOOKUP(YEAR(Q12),Populations!$A$3:$B$999,2,0) -> 53990800 | AE12: =(Calculations!B1/AD12) -> 1.2651217 | AG12: 1 | AH12: =VLOOKUP(AG12,WikiFormats!$A$3:$B$999,2,0) -> Story | AI12: https://en.wikipedia.org/wiki/The_Daleks
A13: 11 | B13: 1 | C13: =VLOOKUP(B13,Eras!$A$3:$B$999,2,0) -> Classic | D13: 1 | E13: =VLOOKUP(D13,EpisodeFormats!$A$3:$B$999,2,0) -> Series | F13: 1 | G13: =VLOOKUP(F13,Doctors!$A$3:$B$999,2,0) -> William Hartnell | H13: 1 | I13: 1 | J13: =VLOOKUP(I13,SeasonFormats!$A$3:$B$999,2,0) -> Season | K13: 2 | L13: 2 | M13: The Daleks | N13: 7 | O13: The Rescue | P13: 11 | Q13: 1964-02-01 | R13: 22 | T13: 81 | U13: {=_xlfn.TEXTJOIN(",",TRUE,_xlfn.XLOOKUP(_xlfn.FILTERXML("<t><s>" & SUBSTITUTE(T13,",","</s><s>") & "</s></t>", "//s"),Writers!$A$3:$A$999,Writers!$B$3:$B$999,""))} -> Terry Nation | W13: =IF(V13="","",_xlfn.XLOOKUP(V13,Writers!$A$3:$A$999,Writers!$B$3:$B$999,"")) | X13: 10.4 | AA13: =IF(ISBLANK(X13),"",ROUND(X13*AE13,2)) -> 13.16 | AB13: =IF(ISBLANK(Y13),"",ROUND(Y13*AE13,2)) | AC13: =IF(ISBLANK(Z13),"",ROUND(Z13*AE13,2)) | AD13: =VLOOKUP(YEAR(Q13),Populations!$A$3:$B$999,2,0) -> 53990800 | AE13: =(Calculations!B1/AD13) -> 1.2651217 | AG13: 1 | AH13: =VLOOKUP(AG13,WikiFormats!$A$3:$B$999,2,0) -> Story | AI13: https://en.wikipedia.org/wiki/The_Daleks
A14: 12 | B14: 1 | C14: =VLOOKUP(B14,Eras!$A$3:$B$999,2,0) -> Classic | D14: 1 | E14: =VLOOKUP(D14,EpisodeFormats!$A$3:$B$999,2,0) -> Series | F14: 1 | G14: =VLOOKUP(F14,Doctors!$A$3:$B$999,2,0) -> William Hartnell | H14: 1 | I14: 1 | J14: =VLOOKUP(I14,SeasonFormats!$A$3:$B$999,2,0) -> Season | K14: 3 | L14: 3 | M14: The Edge of Destruction | N14: 1 | O14: The Edge of Destruction | P14: 12 | Q14: 1964-02-08 | R14: 25 | T14: 109 | U14: {=_xlfn.TEXTJOIN(",",TRUE,_xlfn.XLOOKUP(_xlfn.FILTERXML("<t><s>" & SUBSTITUTE(T14,",","</s><s>") & "</s></t>", "//s"),Writers!$A$3:$A$999,Writers!$B$3:$B$999,""))} -> David Whitaker | W14: =IF(V14="","",_xlfn.XLOOKUP(V14,Writers!$A$3:$A$999,Writers!$B$3:$B$999,"")) | X14: 10.4 | AA14: =IF(ISBLANK(X14),"",ROUND(X14*AE14,2)) -> 13.16 | AB14: =IF(ISBLANK(Y14),"",ROUND(Y14*AE14,2)) | AC14: =IF(ISBLANK(Z14),"",ROUND(Z14*AE14,2)) | AD14: =VLOOKUP(YEAR(Q14),Populations!$A$3:$B$999,2,0) -> 53990800 | AE14: =(Calculations!B1/AD14) -> 1.2651217 | AG14: 1 | AH14: =VLOOKUP(AG14,WikiFormats!$A$3:$B$999,2,0) -> Story | AI14: https://en.wikipedia.org/wiki/The_Edge_of_Destruction
A15: 13 | B15: 1 | C15: =VLOOKUP(B15,Eras!$A$3:$B$999,2,0) -> Classic | D15: 1 | E15: =VLOOKUP(D15,EpisodeFormats!$A$3:$B$999,2,0) -> Series | F15: 1 | G15: =VLOOKUP(F15,Doctors!$A$3:$B$999,2,0) -> William Hartnell | H15: 1 | I15: 1 | J15: =VLOOKUP(I15,SeasonFormats!$A$3:$B$999,2,0) -> Season | K15: 3 | L15: 3 | M15: The Edge of Destruction | N15: 2 | O15: The Brink of Disaster | P15: 13 | Q15: 1964-02-15 | R15: 22 | T15: 109 | U15: {=_xlfn.TEXTJOIN(",",TRUE,_xlfn.XLOOKUP(_xlfn.FILTERXML("<t><s>" & SUBSTITUTE(T15,",","</s><s>") & "</s></t>", "//s"),Writers!$A$3:$A$999,Writers!$B$3:$B$999,""))} -> David Whitaker | W15: =IF(V15="","",_xlfn.XLOOKUP(V15,Writers!$A$3:$A$999,Writers!$B$3:$B$999,"")) | X15: 9.9 | AA15: =IF(ISBLANK(X15),"",ROUND(X15*AE15,2)) -> 12.52 | AB15: =IF(ISBLANK(Y15),"",ROUND(Y15*AE15,2)) | AC15: =IF(ISBLANK(Z15),"",ROUND(Z15*AE15,2)) | AD15: =VLOOKUP(YEAR(Q15),Populations!$A$3:$B$999,2,0) -> 53990800 | AE15: =(Calculations!B1/AD15) -> 1.2651217 | AG15: 1 | AH15: =VLOOKUP(AG15,WikiFormats!$A$3:$B$999,2,0) -> Story | AI15: https://en.wikipedia.org/wiki/The_Edge_of_Destruction
A16: 14 | B16: 1 | C16: =VLOOKUP(B16,Eras!$A$3:$B$999,2,0) -> Classic | D16: 1 | E16: =VLOOKUP(D16,EpisodeFormats!$A$3:$B$999,2,0) -> Series | F16: 1 | G16: =VLOOKUP(F16,Doctors!$A$3:$B$999,2,0) -> William Hartnell | H16: 1 | I16: 1 | J16: =VLOOKUP(I16,SeasonFormats!$A$3:$B$999,2,0) -> Season | K16: 4 | L16: 4 | M16: Marco Polo | N16: 1 | O16: The Roof of the World | P16: 14 | Q16: 1964-02-22 | R16: -25 | S16: 1 | T16: 67 | U16: {=_xlfn.TEXTJOIN(",",TRUE,_xlfn.XLOOKUP(_xlfn.FILTERXML("<t><s>" & SUBSTITUTE(T16,",","</s><s>") & "</s></t>", "//s"),Writers!$A$3:$A$999,Writers!$B$3:$B$999,""))} -> John Lucarotti | W16: =IF(V16="","",_xlfn.XLOOKUP(V16,Writers!$A$3:$A$999,Writers!$B$3:$B$999,"")) | X16: 9.4 | AA16: =IF(ISBLANK(X16),"",ROUND(X16*AE16,2)) -> 11.89 | AB16: =IF(ISBLANK(Y16),"",ROUND(Y16*AE16,2)) | AC16: =IF(ISBLANK(Z16),"",ROUND(Z16*AE16,2)) | AD16: =VLOOKUP(YEAR(Q16),Populations!$A$3:$B$999,2,0) -> 53990800 | AE16: =(Calculations!B1/AD16) -> 1.2651217 | AG16: 1 | AH16: =VLOOKUP(AG16,WikiFormats!$A$3:$B$999,2,0) -> Story | AI16: https://en.wikipedia.org/wiki/Marco_Polo_(Doctor_Who)
A17: 15 | B17: 1 | C17: =VLOOKUP(B17,Eras!$A$3:$B$999,2,0) -> Classic | D17: 1 | E17: =VLOOKUP(D17,EpisodeFormats!$A$3:$B$999,2,0) -> Series | F17: 1 | G17: =VLOOKUP(F17,Doctors!$A$3:$B$999,2,0) -> William Hartnell | H17: 1 | I17: 1 | J17: =VLOOKUP(I17,SeasonFormats!$A$3:$B$999,2,0) -> Season | K17: 4 | L17: 4 | M17: Marco Polo | N17: 2 | O17: The Singing Sands | P17: 15 | Q17: 1964-02-29 | R17: -25 | S17: 1 | T17: 67 | U17: {=_xlfn.TEXTJOIN(",",TRUE,_xlfn.XLOOKUP(_xlfn.FILTERXML("<t><s>" & SUBSTITUTE(T17,",","</s><s>") & "</s></t>", "//s"),Writers!$A$3:$A$999,Writers!$B$3:$B$999,""))} -> John Lucarotti | W17: =IF(V17="","",_xlfn.XLOOKUP(V17,Writers!$A$3:$A$999,Writers!$B$3:$B$999,"")) | X17: 9.4 | AA17: =IF(ISBLANK(X17),"",ROUND(X17*AE17,2)) -> 11.89 | AB17: =IF(ISBLANK(Y17),"",ROUND(Y17*AE17,2)) | AC17: =IF(ISBLANK(Z17),"",ROUND(Z17*AE17,2)) | AD17: =VLOOKUP(YEAR(Q17),Populations!$A$3:$B$999,2,0) -> 53990800 | AE17: =(Calculations!B1/AD17) -> 1.2651217 | AG17: 1 | AH17: =VLOOKUP(AG17,WikiFormats!$A$3:$B$999,2,0) -> Story | AI17: https://en.wikipedia.org/wiki/Marco_Polo_(Doctor_Who)
A18: 16 | B18: 1 | C18: =VLOOKUP(B18,Eras!$A$3:$B$999,2,0) -> Classic | D18: 1 | E18: =VLOOKUP(D18,EpisodeFormats!$A$3:$B$999,2,0) -> Series | F18: 1 | G18: =VLOOKUP(F18,Doctors!$A$3:$B$999,2,0) -> William Hartnell | H18: 1 | I18: 1 | J18: =VLOOKUP(I18,SeasonFormats!$A$3:$B$999,2,0) -> Season | K18: 4 | L18: 4 | M18: Marco Polo | N18: 3 | O18: Five Hundred Eyes | P18: 16 | Q18: 1964-03-07 | R18: -25 | S18: 1 | T18: 67 | U18: {=_xlfn.TEXTJOIN(",",TRUE,_xlfn.XLOOKUP(_xlfn.FILTERXML("<t><s>" & SUBSTITUTE(T18,",","</s><s>") & "</s></t>", "//s"),Writers!$A$3:$A$999,Writers!$B$3:$B$999,""))} -> John Lucarotti | W18: =IF(V18="","",_xlfn.XLOOKUP(V18,Writers!$A$3:$A$999,Writers!$B$3:$B$999,"")) | X18: 9.4 | AA18: =IF(ISBLANK(X18),"",ROUND(X18*AE18,2)) -> 11.89 | AB18: =IF(ISBLANK(Y18),"",ROUND(Y18*AE18,2)) | AC18: =IF(ISBLANK(Z18),"",ROUND(Z18*AE18,2)) | AD18: =VLOOKUP(YEAR(Q18),Populations!$A$3:$B$999,2,0) -> 53990800 | AE18: =(Calculations!B1/AD18) -> 1.2651217 | AG18: 1 | AH18: =VLOOKUP(AG18,WikiFormats!$A$3:$B$999,2,0) -> Story | AI18: https://en.wikipedia.org/wiki/Marco_Polo_(Doctor_Who)
A19: 17 | B19: 1 | C19: =VLOOKUP(B19,Eras!$A$3:$B$999,2,0) -> Classic | D19: 1 | E19: =VLOOKUP(D19,EpisodeFormats!$A$3:$B$999,2,0) -> Series | F19: 1 | G19: =VLOOKUP(F19,Doctors!$A$3:$B$999,2,0) -> William Hartnell | H19: 1 | I19: 1 | J19: =VLOOKUP(I19,SeasonFormats!$A$3:$B$999,2,0) -> Season | K19: 4 | L19: 4 | M19: Marco Polo | N19: 4 | O19: The Wall of Lies | P19: 17 | Q19: 1964-03-14 | R19: -25 | S19: 1 | T19: 67 | U19: {=_xlfn.TEXTJOIN(",",TRUE,_xlfn.XLOOKUP(_xlfn.FILTERXML("<t><s>" & SUBSTITUTE(T19,",","</s><s>") & "</s></t>", "//s"),Writers!$A$3:$A$999,Writers!$B$3:$B$999,""))} -> John Lucarotti | W19: =IF(V19="","",_xlfn.XLOOKUP(V19,Writers!$A$3:$A$999,Writers!$B$3:$B$999,"")) | X19: 9.9 | AA19: =IF(ISBLANK(X19),"",ROUND(X19*AE19,2)) -> 12.52 | AB19: =IF(ISBLANK(Y19),"",ROUND(Y19*AE19,2)) | AC19: =IF(ISBLANK(Z19),"",ROUND(Z19*AE19,2)) | AD19: =VLOOKUP(YEAR(Q19),Populations!$A$3:$B$999,2,0) -> 53990800 | AE19: =(Calculations!B1/AD19) -> 1.2651217 | AG19: 1 | AH19: =VLOOKUP(AG19,WikiFormats!$A$3:$B$999,2,0) -> Story | AI19: https://en.wikipedia.org/wiki/Marco_Polo_(Doctor_Who)
A20: 18 | B20: 1 | C20: =VLOOKUP(B20,Eras!$A$3:$B$999,2,0) -> Classic | D20: 1 | E20: =VLOOKUP(D20,EpisodeFormats!$A$3:$B$999,2,0) -> Series | F20: 1 | G20: =VLOOKUP(F20,Doctors!$A$3:$B$999,2,0) -> William Hartnell | H20: 1 | I20: 1 | J20: =VLOOKUP(I20,SeasonFormats!$A$3:$B$999,2,0) -> Season | K20: 4 | L20: 4 | M20: Marco Polo | N20: 5 | O20: Rider from Shang-Tu | P20: 18 | Q20: 1964-03-21 | R20: -25 | S20: 1 | T20: 67 | U20: {=_xlfn.TEXTJOIN(",",TRUE,_xlfn.XLOOKUP(_xlfn.FILTERXML("<t><s>" & SUBSTITUTE(T20,",","</s><s>") & "</s></t>", "//s"),Writers!$A$3:$A$999,Writers!$B$3:$B$999,""))} -> John Lucarotti | W20: =IF(V20="","",_xlfn.XLOOKUP(V20,Writers!$A$3:$A$999,Writers!$B$3:$B$999,"")) | X20: 9.4 | AA20: =IF(ISBLANK(X20),"",ROUND(X20*AE20,2)) -> 11.89 | AB20: =IF(ISBLANK(Y20),"",ROUND(Y20*AE20,2)) | AC20: =IF(ISBLANK(Z20),"",ROUND(Z20*AE20,2)) | AD20: =VLOOKUP(YEAR(Q20),Populations!$A$3:$B$999,2,0) -> 53990800 | AE20: =(Calculations!B1/AD20) -> 1.2651217 | AG20: 1 | AH20: =VLOOKUP(AG20,WikiFormats!$A$3:$B$999,2,0) -> Story | AI20: https://en.wikipedia.org/wiki/Marco_Polo_(Doctor_Who)
A21: 19 | B21: 1 | C21: =VLOOKUP(B21,Eras!$A$3:$B$999,2,0) -> Classic | D21: 1 | E21: =VLOOKUP(D21,EpisodeFormats!$A$3:$B$999,2,0) -> Series | F21: 1 | G21: =VLOOKUP(F21,Doctors!$A$3:$B$999,2,0) -> William Hartnell | H21: 1 | I21: 1 | J21: =VLOOKUP(I21,SeasonFormats!$A$3:$B$999,2,0) -> Season | K21: 4 | L21: 4 | M21: Marco Polo | N21: 6 | O21: Mighty Kublai Khan | P21: 19 | Q21: 1964-03-28 | R21: -25 | S21: 1 | T21: 67 | U21: {=_xlfn.TEXTJOIN(",",TRUE,_xlfn.XLOOKUP(_xlfn.FILTERXML("<t><s>" & SUBSTITUTE(T21,",","</s><s>") & "</s></t>", "//s"),Writers!$A$3:$A$999,Writers!$B$3:$B$999,""))} -> John Lucarotti | W21: =IF(V21="","",_xlfn.XLOOKUP(V21,Writers!$A$3:$A$999,Writers!$B$3:$B$999,"")) | X21: 8.4 | AA21: =IF(ISBLANK(X21),"",ROUND(X21*AE21,2)) -> 10.63 | AB21: =IF(ISBLANK(Y21),"",ROUND(Y21*AE21,2)) | AC21: =IF(ISBLANK(Z21),"",ROUND(Z21*AE21,2)) | AD21: =VLOOKUP(YEAR(Q21),Populations!$A$3:$B$999,2,0) -> 53990800 | AE21: =(Calculations!B1/AD21) -> 1.2651217 | AG21: 1 | AH21: =VLOOKUP(AG21,WikiFormats!$A$3:$B$999,2,0) -> Story | AI21: https://en.wikipedia.org/wiki/Marco_Polo_(Doctor_Who)
A22: 20 | B22: 1 | C22: =VLOOKUP(B22,Eras!$A$3:$B$999,2,0) -> Classic | D22: 1 | E22: =VLOOKUP(D22,EpisodeFormats!$A$3:$B$999,2,0) -> Series | F22: 1 | G22: =VLOOKUP(F22,Doctors!$A$3:$B$999,2,0) -> William Hartnell | H22: 1 | I22: 1 | J22: =VLOOKUP(I22,SeasonFormats!$A$3:$B$999,2,0) -> Season | K22: 4 | L22: 4 | M22: Marco Polo | N22: 7 | O22: Assassin at Peking | P22: 20 | Q22: 1964-04-04 | R22: -25 | S22: 1 | T22: 67 | U22: {=_xlfn.TEXTJOIN(",",TRUE,_xlfn.XLOOKUP(_xlfn.FILTERXML("<t><s>" & SUBSTITUTE(T22,",","</s><s>") & "</s></t>", "//s"),Writers!$A$3:$A$999,Writers!$B$3:$B$999,""))} -> John Lucarotti | W22: =IF(V22="","",_xlfn.XLOOKUP(V22,Writers!$A$3:$A$999,Writers!$B$3:$B$999,"")) | X22: 10.4 | AA22: =IF(ISBLANK(X22),"",ROUND(X22*AE22,2)) -> 13.16 | AB22: =IF(ISBLANK(Y22),"",ROUND(Y22*AE22,2)) | AC22: =IF(ISBLANK(Z22),"",ROUND(Z22*AE22,2)) | AD22: =VLOOKUP(YEAR(Q22),Populations!$A$3:$B$999,2,0) -> 53990800 | AE22: =(Calculations!B1/AD22) -> 1.2651217 | AG22: 1 | AH22: =VLOOKUP(AG22,WikiFormats!$A$3:$B$999,2,0) -> Story | AI22: https://en.wikipedia.org/wiki/Marco_Polo_(Doctor_Who)
A23: 21 | B23: 1 | C23: =VLOOKUP(B23,Eras!$A$3:$B$999,2,0) -> Classic | D23: 1 | E23: =VLOOKUP(D23,EpisodeFormats!$A$3:$B$999,2,0) -> Series | F23: 1 | G23: =VLOOKUP(F23,Doctors!$A$3:$B$999,2,0) -> William Hartnell | H23: 1 | I23: 1 | J23: =VLOOKUP(I23,SeasonFormats!$A$3:$B$999,2,0) -> Season | K23: 5 | L23: 5 | M23: The Keys of Marinus | N23: 1 | O23: The Sea of Death | P23: 21 | Q23: 1964-04-11 | R23: 23 | T23: 81 | U23: {=_xlfn.TEXTJOIN(",",TRUE,_xlfn.XLOOKUP(_xlfn.FILTERXML("<t><s>" & SUBSTITUTE(T23,",","</s><s>") & "</s></t>", "//s"),Writers!$A$3:$A$999,Writers!$B$3:$B$999,""))} -> Terry Nation | W23: =IF(V23="","",_xlfn.XLOOKUP(V23,Writers!$A$3:$A$999,Writers!$B$3:$B$999,"")) | X23: 9.9 | AA23: =IF(ISBLANK(X23),"",ROUND(X23*AE23,2)) -> 12.52 | AB23: =IF(ISBLANK(Y23),"",ROUND(Y23*AE23,2)) | AC23: =IF(ISBLANK(Z23),"",ROUND(Z23*AE23,2)) | AD23: =VLOOKUP(YEAR(Q23),Populations!$A$3:$B$999,2,0) -> 53990800 | AE23: =(Calculations!B1/AD23) -> 1.2651217 | AG23: 1 | AH23: =VLOOKUP(AG23,WikiFormats!$A$3:$B$999,2,0) -> Story | AI23: https://en.wikipedia.org/wiki/The_Keys_of_Marinus
A24: 22 | B24: 1 | C24: =VLOOKUP(B24,Eras!$A$3:$B$999,2,0) -> Classic | D24: 1 | E24: =VLOOKUP(D24,EpisodeFormats!$A$3:$B$999,2,0) -> Series | F24: 1 | G24: =VLOOKUP(F24,Doctors!$A$3:$B$999,2,0) -> William Hartnell | H24: 1 | I24: 1 | J24: =VLOOKUP(I24,SeasonFormats!$A$3:$B$999,2,0) -> Season | K24: 5 | L24: 5 | M24: The Keys of Marinus | N24: 2 | O24: The Velvet Web | P24: 22 | Q24: 1964-04-18 | R24: 25 | T24: 81 | U24: {=_xlfn.TEXTJOIN(",",TRUE,_xlfn.XLOOKUP(_xlfn.FILTERXML("<t><s>" & SUBSTITUTE(T24,",","</s><s>") & "</s></t>", "//s"),Writers!$A$3:$A$999,Writers!$B$3:$B$999,""))} -> Terry Nation | W24: =IF(V24="","",_xlfn.XLOOKUP(V24,Writers!$A$3:$A$999,Writers!$B$3:$B$999,"")) | X24: 9.4 | AA24: =IF(ISBLANK(X24),"",ROUND(X24*AE24,2)) -> 11.89 | AB24: =IF(ISBLANK(Y24),"",ROUND(Y24*AE24,2)) | AC24: =IF(ISBLANK(Z24),"",ROUND(Z24*AE24,2)) | AD24: =VLOOKUP(YEAR(Q24),Populations!$A$3:$B$999,2,0) -> 53990800 | AE24: =(Calculations!B1/AD24) -> 1.2651217 | AG24: 1 | AH24: =VLOOKUP(AG24,WikiFormats!$A$3:$B$999,2,0) -> Story | AI24: https://en.wikipedia.org/wiki/The_Keys_of_Marinus
A25: 23 | B25: 1 | C25: =VLOOKUP(B25,Eras!$A$3:$B$999,2,0) -> Classic | D25: 1 | E25: =VLOOKUP(D25,EpisodeFormats!$A$3:$B$999,2,0) -> Series | F25: 1 | G25: =VLOOKUP(F25,Doctors!$A$3:$B$999,2,0) -> William Hartnell | H25: 1 | I25: 1 | J25: =VLOOKUP(I25,SeasonFormats!$A$3:$B$999,2,0) -> Season | K25: 5 | L25: 5 | M25: The Keys of Marinus | N25: 3 | O25: The Screaming Jungle | P25: 23 | Q25: 1964-04-25 | R25: 24 | T25: 81 | U25: {=_xlfn.TEXTJOIN(",",TRUE,_xlfn.XLOOKUP(_xlfn.FILTERXML("<t><s>" & SUBSTITUTE(T25,",","</s><s>") & "</s></t>", "//s"),Writers!$A$3:$A$999,Writers!$B$3:$B$999,""))} -> Terry Nation | W25: =IF(V25="","",_xlfn.XLOOKUP(V25,Writers!$A$3:$A$999,Writers!$B$3:$B$999,"")) | X25: 9.9 | AA25: =IF(ISBLANK(X25),"",ROUND(X25*AE25,2)) -> 12.52 | AB25: =IF(ISBLANK(Y25),"",ROUND(Y25*AE25,2)) | AC25: =IF(ISBLANK(Z25),"",ROUND(Z25*AE25,2)) | AD25: =VLOOKUP(YEAR(Q25),Populations!$A$3:$B$999,2,0) -> 53990800 | AE25: =(Calculations!B1/AD25) -> 1.2651217 | AG25: 1 | AH25: =VLOOKUP(AG25,WikiFormats!$A$3:$B$999,2,0) -> Story | AI25: https://en.wikipedia.org/wiki/The_Keys_of_Marinus
A26: 24 | B26: 1 | C26: =VLOOKUP(B26,Eras!$A$3:$B$999,2,0) -> Classic | D26: 1 | E26: =VLOOKUP(D26,EpisodeFormats!$A$3:$B$999,2,0) -> Series | F26: 1 | G26: =VLOOKUP(F26,Doctors!$A$3:$B$999,2,0) -> William Hartnell | H26: 1 | I26: 1 | J26: =VLOOKUP(I26,SeasonFormats!$A$3:$B$999,2,0) -> Season | K26: 5 | L26: 5 | M26: The Keys of Marinus | N26: 4 | O26: The Snows of Terror | P26: 24 | Q26: 1964-05-02 | R26: 25 | T26: 81 | U26: {=_xlfn.TEXTJOIN(",",TRUE,_xlfn.XLOOKUP(_xlfn.FILTERXML("<t><s>" & SUBSTITUTE(T26,",","</s><s>") & "</s></t>", "//s"),Writers!$A$3:$A$999,Writers!$B$3:$B$999,""))} -> Terry Nation | W26: =IF(V26="","",_xlfn.XLOOKUP(V26,Writers!$A$3:$A$999,Writers!$B$3:$B$999,"")) | X26: 10.4 | AA26: =IF(ISBLANK(X26),"",ROUND(X26*AE26,2)) -> 13.16 | AB26: =IF(ISBLANK(Y26),"",ROUND(Y26*AE26,2)) | AC26: =IF(ISBLANK(Z26),"",ROUND(Z26*AE26,2)) | AD26: =VLOOKUP(YEAR(Q26),Populations!$A$3:$B$999,2,0) -> 53990800 | AE26: =(Calculations!B1/AD26) -> 1.2651217 | AG26: 1 | AH26: =VLOOKUP(AG26,WikiFormats!$A$3:$B$999,2,0) -> Story | AI26: https://en.wikipedia.org/wiki/The_Keys_of_Marinus
A27: 25 | B27: 1 | C27: =VLOOKUP(B27,Eras!$A$3:$B$999,2,0) -> Classic | D27: 1 | E27: =VLOOKUP(D27,EpisodeFormats!$A$3:$B$999,2,0) -> Series | F27: 1 | G27: =VLOOKUP(F27,Doctors!$A$3:$B$999,2,0) -> William Hartnell | H27: 1 | I27: 1 | J27: =VLOOKUP(I27,SeasonFormats!$A$3:$B$999,2,0) -> Season | K27: 5 | L27: 5 | M27: The Keys of Marinus | N27: 5 | O27: Sentence of Death | P27: 25 | Q27: 1964-05-09 | R27: 25 | T27: 81 | U27: {=_xlfn.TEXTJOIN(",",TRUE,_xlfn.XLOOKUP(_xlfn.FILTERXML("<t><s>" & SUBSTITUTE(T27,",","</s><s>") & "</s></t>", "//s"),Writers!$A$3:$A$999,Writers!$B$3:$B$999,""))} -> Terry Nation | W27: =IF(V27="","",_xlfn.XLOOKUP(V27,Writers!$A$3:$A$999,Writers!$B$3:$B$999,"")) | X27: 7.9 | AA27: =IF(ISBLANK(X27),"",ROUND(X27*AE27,2)) -> 9.99 | AB27: =IF(ISBLANK(Y27),"",ROUND(Y27*AE27,2)) | AC27: =IF(ISBLANK(Z27),"",ROUND(Z27*AE27,2)) | AD27: =VLOOKUP(YEAR(Q27),Populations!$A$3:$B$999,2,0) -> 53990800 | AE27: =(Calculations!B1/AD27) -> 1.2651217 | AG27: 1 | AH27: =VLOOKUP(AG27,WikiFormats!$A$3:$B$999,2,0) -> Story | AI27: https://en.wikipedia.org/wiki/The_Keys_of_Marinus
A28: 26 | B28: 1 | C28: =VLOOKUP(B28,Eras!$A$3:$B$999,2,0) -> Classic | D28: 1 | E28: =VLOOKUP(D28,EpisodeFormats!$A$3:$B$999,2,0) -> Series | F28: 1 | G28: =VLOOKUP(F28,Doctors!$A$3:$B$999,2,0) -> William Hartnell | H28: 1 | I28: 1 | J28: =VLOOKUP(I28,SeasonFormats!$A$3:$B$999,2,0) -> Season | K28: 5 | L28: 5 | M28: The Keys of Marinus | N28: 6 | O28: The Keys of Marinus | P28: 26 | Q28: 1964-05-16 | R28: 25 | T28: 81 | U28: {=_xlfn.TEXTJOIN(",",TRUE,_xlfn.XLOOKUP(_xlfn.FILTERXML("<t><s>" & SUBSTITUTE(T28,",","</s><s>") & "</s></t>", "//s"),Writers!$A$3:$A$999,Writers!$B$3:$B$999,""))} -> Terry Nation | W28: =IF(V28="","",_xlfn.XLOOKUP(V28,Writers!$A$3:$A$999,Writers!$B$3:$B$999,"")) | X28: 6.9 | AA28: =IF(ISBLANK(X28),"",ROUND(X28*AE28,2)) -> 8.73 | AB28: =IF(ISBLANK(Y28),"",ROUND(Y28*AE28,2)) | AC28: =IF(ISBLANK(Z28),"",ROUND(Z28*AE28,2)) | AD28: =VLOOKUP(YEAR(Q28),Populations!$A$3:$B$999,2,0) -> 53990800 | AE28: =(Calculations!B1/AD28) -> 1.2651217 | AG28: 1 | AH28: =VLOOKUP(AG28,WikiFormats!$A$3:$B$999,2,0) -> Story | AI28: https://en.wikipedia.org/wiki/The_Keys_of_Marinus
A29: 27 | B29: 1 | C29: =VLOOKUP(B29,Eras!$A$3:$B$999,2,0) -> Classic | D29: 1 | E29: =VLOOKUP(D29,EpisodeFormats!$A$3:$B$999,2,0) -> Series | F29: 1 | G29: =VLOOKUP(F29,Doctors!$A$3:$B$999,2,0) -> William Hartnell | H29: 1 | I29: 1 | J29: =VLOOKUP(I29,SeasonFormats!$A$3:$B$999,2,0) -> Season | K29: 6 | L29: 6 | M29: The Aztecs | N29: 1 | O29: The Temple of Evil | P29: 27 | Q29: 1964-05-23 | R29: 24 | T29: 67 | U29: {=_xlfn.TEXTJOIN(",",TRUE,_xlfn.XLOOKUP(_xlfn.FILTERXML("<t><s>" & SUBSTITUTE(T29,",","</s><s>") & "</s></t>", "//s"),Writers!$A$3:$A$999,Writers!$B$3:$B$999,""))} -> John Lucarotti | W29: =IF(V29="","",_xlfn.XLOOKUP(V29,Writers!$A$3:$A$999,Writers!$B$3:$B$999,"")) | X29: 7.4 | AA29: =IF(ISBLANK(X29),"",ROUND(X29*AE29,2)) -> 9.36 | AB29: =IF(ISBLANK(Y29),"",ROUND(Y29*AE29,2)) | AC29: =IF(ISBLANK(Z29),"",ROUND(Z29*AE29,2)) | AD29: =VLOOKUP(YEAR(Q29),Populations!$A$3:$B$999,2,0) -> 53990800 | AE29: =(Calculations!B1/AD29) -> 1.2651217 | AG29: 1 | AH29: =VLOOKUP(AG29,WikiFormats!$A$3:$B$999,2,0) -> Story | AI29: https://en.wikipedia.org/wiki/The_Aztecs_(Doctor_Who)
A30: 28 | B30: 1 | C30: =VLOOKUP(B30,Eras!$A$3:$B$999,2,0) -> Classic | D30: 1 | E30: =VLOOKUP(D30,EpisodeFormats!$A$3:$B$999,2,0) -> Series | F30: 1 | G30: =VLOOKUP(F30,Doctors!$A$3:$B$999,2,0) -> William Hartnell | H30: 1 | I30: 1 | J30: =VLOOKUP(I30,SeasonFormats!$A$3:$B$999,2,0) -> Season | K30: 6 | L30: 6 | M30: The Aztecs | N30: 2 | O30: The Warriors of Death | P30: 28 | Q30: 1964-05-30 | R30: 24 | T30: 67 | U30: {=_xlfn.TEXTJOIN(",",TRUE,_xlfn.XLOOKUP(_xlfn.FILTERXML("<t><s>" & SUBSTITUTE(T30,",","</s><s>") & "</s></t>", "//s"),Writers!$A$3:$A$999,Writers!$B$3:$B$999,""))} -> John Lucarotti | W30: =IF(V30="","",_xlfn.XLOOKUP(V30,Writers!$A$3:$A$999,Writers!$B$3:$B$999,"")) | X30: 7.4 | AA30: =IF(ISBLANK(X30),"",ROUND(X30*AE30,2)) -> 9.36 | AB30: =IF(ISBLANK(Y30),"",ROUND(Y30*AE30,2)) | AC30: =IF(ISBLANK(Z30),"",ROUND(Z30*AE30,2)) | AD30: =VLOOKUP(YEAR(Q30),Populations!$A$3:$B$999,2,0) -> 53990800 | AE30: =(Calculations!B1/AD30) -> 1.2651217 | AG30: 1 | AH30: =VLOOKUP(AG30,WikiFormats!$A$3:$B$999,2,0) -> Story | AI30: https://en.wikipedia.org/wiki/The_Aztecs_(Doctor_Who)
A31: 29 | B31: 1 | C31: =VLOOKUP(B31,Eras!$A$3:$B$999,2,0) -> Classic | D31: 1 | E31: =VLOOKUP(D31,EpisodeFormats!$A$3:$B$999,2,0) -> Series | F31: 1 | G31: =VLOOKUP(F31,Doctors!$A$3:$B$999,2,0) -> William Hartnell | H31: 1 | I31: 1 | J31: =VLOOKUP(I31,SeasonFormats!$A$3:$B$999,2,0) -> Season | K31: 6 | L31: 6 | M31: The Aztecs | N31: 3 | O31: The Bride of Sacrifice | P31: 29 | Q31: 1964-06-06 | R31: 25 | T31: 67 | U31: {=_xlfn.TEXTJOIN(",",TRUE,_xlfn.XLOOKUP(_xlfn.FILTERXML("<t><s>" & SUBSTITUTE(T31,",","</s><s>") & "</s></t>", "//s"),Writers!$A$3:$A$999,Writers!$B$3:$B$999,""))} -> John Lucarotti | W31: =IF(V31="","",_xlfn.XLOOKUP(V31,Writers!$A$3:$A$999,Writers!$B$3:$B$999,"")) | X31: 7.9 | AA31: =IF(ISBLANK(X31),"",ROUND(X31*AE31,2)) -> 9.99 | AB31: =IF(ISBLANK(Y31),"",ROUND(Y31*AE31,2)) | AC31: =IF(ISBLANK(Z31),"",ROUND(Z31*AE31,2)) | AD31: =VLOOKUP(YEAR(Q31),Populations!$A$3:$B$999,2,0) -> 53990800 | AE31: =(Calculations!B1/AD31) -> 1.2651217 | AG31: 1 | AH31: =VLOOKUP(AG31,WikiFormats!$A$3:$B$999,2,0) -> Story | AI31: https://en.wikipedia.org/wiki/The_Aztecs_(Doctor_Who)
A32: 30 | B32: 1 | C32: =VLOOKUP(B32,Eras!$A$3:$B$999,2,0) -> Classic | D32: 1 | E32: =VLOOKUP(D32,EpisodeFormats!$A$3:$B$999,2,0) -> Series | F32: 1 | G32: =VLOOKUP(F32,Doctors!$A$3:$B$999,2,0) -> William Hartnell | H32: 1 | I32: 1 | J32: =VLOOKUP(I32,SeasonFormats!$A$3:$B$999,2,0) -> Season | K32: 6 | L32: 6 | M32: The Aztecs | N32: 4 | O32: The Day of Darkness | P32: 30 | Q32: 1964-06-13 | R32: 25 | T32: 67 | U32: {=_xlfn.TEXTJOIN(",",TRUE,_xlfn.XLOOKUP(_xlfn.FILTERXML("<t><s>" & SUBSTITUTE(T32,",","</s><s>") & "</s></t>", "//s"),Writers!$A$3:$A$999,Writers!$B$3:$B$999,""))} -> John Lucarotti | W32: =IF(V32="","",_xlfn.XLOOKUP(V32,Writers!$A$3:$A$999,Writers!$B$3:$B$999,"")) | X32: 7.4 | AA32: =IF(ISBLANK(X32),"",ROUND(X32*AE32,2)) -> 9.36 | AB32: =IF(ISBLANK(Y32),"",ROUND(Y32*AE32,2)) | AC32: =IF(ISBLANK(Z32),"",ROUND(Z32*AE32,2)) | AD32: =VLOOKUP(YEAR(Q32),Populations!$A$3:$B$999,2,0) -> 53990800 | AE32: =(Calculations!B1/AD32) -> 1.2651217 | AG32: 1 | AH32: =VLOOKUP(AG32,WikiFormats!$A$3:$B$999,2,0) -> Story | AI32: https://en.wikipedia.org/wiki/The_Aztecs_(Doctor_Who)
A33: 31 | B33: 1 | C33: =VLOOKUP(B33,Eras!$A$3:$B$999,2,0) -> Classic | D33: 1 | E33: =VLOOKUP(D33,EpisodeFormats!$A$3:$B$999,2,0) -> Series | F33: 1 | G33: =VLOOKUP(F33,Doctors!$A$3:$B$999,2,0) -> William Hartnell | H33: 1 | I33: 1 | J33: =VLOOKUP(I33,SeasonFormats!$A$3:$B$999,2,0) -> Season | K33: 7 | L33: 7 | M33: The Sensorites | N33: 1 | O33: Strangers in Space | P33: 31 | Q33: 1964-06-20 | R33: 25 | T33: 82 | U33: {=_xlfn.TEXTJOIN(",",TRUE,_xlfn.XLOOKUP(_xlfn.FILTERXML("<t><s>" & SUBSTITUTE(T33,",","</s><s>") & "</s></t>", "//s"),Writers!$A$3:$A$999,Writers!$B$3:$B$999,""))} -> Peter R. Newman | W33: =IF(V33="","",_xlfn.XLOOKUP(V33,Writers!$A$3:$A$999,Writers!$B$3:$B$999,"")) | X33: 7.9 | AA33: =IF(ISBLANK(X33),"",ROUND(X33*AE33,2)) -> 9.99 | AB33: =IF(ISBLANK(Y33),"",ROUND(Y33*AE33,2)) | AC33: =IF(ISBLANK(Z33),"",ROUND(Z33*AE33,2)) | AD33: =VLOOKUP(YEAR(Q33),Populations!$A$3:$B$999,2,0) -> 53990800 | AE33: =(Calculations!B1/AD33) -> 1.2651217 | AG33: 1 | AH33: =VLOOKUP(AG33,WikiFormats!$A$3:$B$999,2,0) -> Story | AI33: https://en.wikipedia.org/wiki/The_Sensorites
A34: 32 | B34: 1 | C34: =VLOOKUP(B34,Eras!$A$3:$B$999,2,0) -> Classic | D34: 1 | E34: =VLOOKUP(D34,EpisodeFormats!$A$3:$B$999,2,0) -> Series | F34: 1 | G34: =VLOOKUP(F34,Doctors!$A$3:$B$999,2,0) -> William Hartnell | H34: 1 | I34: 1 | J34: =VLOOKUP(I34,SeasonFormats!$A$3:$B$999,2,0) -> Season | K34: 7 | L34: 7 | M34: The Sensorites | N34: 2 | O34: The Unwilling Warriors | P34: 32 | Q34: 1964-06-27 | R34: 25 | T34: 82 | U34: {=_xlfn.TEXTJOIN(",",TRUE,_xlfn.XLOOKUP(_xlfn.FILTERXML("<t><s>" & SUBSTITUTE(T34,",","</s><s>") & "</s></t>", "//s"),Writers!$A$3:$A$999,Writers!$B$3:$B$999,""))} -> Peter R. Newman | W34: =IF(V34="","",_xlfn.XLOOKUP(V34,Writers!$A$3:$A$999,Writers!$B$3:$B$999,"")) | X34: 6.9 | AA34: =IF(ISBLANK(X34),"",ROUND(X34*AE34,2)) -> 8.73 | AB34: =IF(ISBLANK(Y34),"",ROUND(Y34*AE34,2)) | AC34: =IF(ISBLANK(Z34),"",ROUND(Z34*AE34,2)) | AD34: =VLOOKUP(YEAR(Q34),Populations!$A$3:$B$999,2,0) -> 53990800 | AE34: =(Calculations!B1/AD34) -> 1.2651217 | AG34: 1 | AH34: =VLOOKUP(AG34,WikiFormats!$A$3:$B$999,2,0) -> Story | AI34: https://en.wikipedia.org/wiki/The_Sensorites
A35: 33 | B35: 1 | C35: =VLOOKUP(B35,Eras!$A$3:$B$999,2,0) -> Classic | D35: 1 | E35: =VLOOKUP(D35,EpisodeFormats!$A$3:$B$999,2,0) -> Series | F35: 1 | G35: =VLOOKUP(F35,Doctors!$A$3:$B$999,2,0) -> William Hartnell | H35: 1 | I35: 1 | J35: =VLOOKUP(I35,SeasonFormats!$A$3:$B$999,2,0) -> Season | K35: 7 | L35: 7 | M35: The Sensorites | N35: 3 | O35: Hidden Danger | P35: 33 | Q35: 1964-07-11 | R35: 25 | T35: 82 | U35: {=_xlfn.TEXTJOIN(",",TRUE,_xlfn.XLOOKUP(_xlfn.FILTERXML("<t><s>" & SUBSTITUTE(T35,",","</s><s>") & "</s></t>", "//s"),Writers!$A$3:$A$999,Writers!$B$3:$B$999,""))} -> Peter R. Newman | W35: =IF(V35="","",_xlfn.XLOOKUP(V35,Writers!$A$3:$A$999,Writers!$B$3:$B$999,"")) | X35: 7.4 | AA35: =IF(ISBLANK(X35),"",ROUND(X35*AE35,2)) -> 9.36 | AB35: =IF(ISBLANK(Y35),"",ROUND(Y35*AE35,2)) | AC35: =IF(ISBLANK(Z35),"",ROUND(Z35*AE35,2)) | AD35: =VLOOKUP(YEAR(Q35),Populations!$A$3:$B$999,2,0) -> 53990800 | AE35: =(Calculations!B1/AD35) -> 1.2651217 | AG35: 1 | AH35: =VLOOKUP(AG35,WikiFormats!$A$3:$B$999,2,0) -> Story | AI35: https://en.wikipedia.org/wiki/The_Sensorites
A36: 34 | B36: 1 | C36: =VLOOKUP(B36,Eras!$A$3:$B$999,2,0) -> Classic | D36: 1 | E36: =VLOOKUP(D36,EpisodeFormats!$A$3:$B$999,2,0) -> Series | F36: 1 | G36: =VLOOKUP(F36,Doctors!$A$3:$B$999,2,0) -> William Hartnell | H36: 1 | I36: 1 | J36: =VLOOKUP(I36,SeasonFormats!$A$3:$B$999,2,0) -> Season | K36: 7 | L36: 7 | M36: The Sensorites | N36: 4 | O36: A Race Against Death | P36: 34 | Q36: 1964-07-18 | R36: 25 | T36: 82 | U36: {=_xlfn.TEXTJOIN(",",TRUE,_xlfn.XLOOKUP(_xlfn.FILTERXML("<t><s>" & SUBSTITUTE(T36,",","</s><s>") & "</s></t>", "//s"),Writers!$A$3:$A$999,Writers!$B$3:$B$999,""))} -> Peter R. Newman | W36: =IF(V36="","",_xlfn.XLOOKUP(V36,Writers!$A$3:$A$999,Writers!$B$3:$B$999,"")) | X36: 5.5 | AA36: =IF(ISBLANK(X36),"",ROUND(X36*AE36,2)) -> 6.96 | AB36: =IF(ISBLANK(Y36),"",ROUND(Y36*AE36,2)) | AC36: =IF(ISBLANK(Z36),"",ROUND(Z36*AE36,2)) | AD36: =VLOOKUP(YEAR(Q36),Populations!$A$3:$B$999,2,0) -> 53990800 | AE36: =(Calculations!B1/AD36) -> 1.2651217 | AG36: 1 | AH36: =VLOOKUP(AG36,WikiFormats!$A$3:$B$999,2,0) -> Story | AI36: https://en.wikipedia.org/wiki/The_Sensorites
A37: 35 | B37: 1 | C37: =VLOOKUP(B37,Eras!$A$3:$B$999,2,0) -> Classic | D37: 1 | E37: =VLOOKUP(D37,EpisodeFormats!$A$3:$B$999,2,0) -> Series | F37: 1 | G37: =VLOOKUP(F37,Doctors!$A$3:$B$999,2,0) -> William Hartnell | H37: 1 | I37: 1 | J37: =VLOOKUP(I37,SeasonFormats!$A$3:$B$999,2,0) -> Season | K37: 7 | L37: 7 | M37: The Sensorites | N37: 5 | O37: Kidnap | P37: 35 | Q37: 1964-07-25 | R37: 26 | T37: 82 | U37: {=_xlfn.TEXTJOIN(",",TRUE,_xlfn.XLOOKUP(_xlfn.FILTERXML("<t><s>" & SUBSTITUTE(T37,",","</s><s>") & "</s></t>", "//s"),Writers!$A$3:$A$999,Writers!$B$3:$B$999,""))} -> Peter R. Newman | W37: =IF(V37="","",_xlfn.XLOOKUP(V37,Writers!$A$3:$A$999,Writers!$B$3:$B$999,"")) | X37: 6.9 | AA37: =IF(ISBLANK(X37),"",ROUND(X37*AE37,2)) -> 8.73 | AB37: =IF(ISBLANK(Y37),"",ROUND(Y37*AE37,2)) | AC37: =IF(ISBLANK(Z37),"",ROUND(Z37*AE37,2)) | AD37: =VLOOKUP(YEAR(Q37),Populations!$A$3:$B$999,2,0) -> 53990800 | AE37: =(Calculations!B1/AD37) -> 1.2651217 | AG37: 1 | AH37: =VLOOKUP(AG37,WikiFormats!$A$3:$B$999,2,0) -> Story | AI37: https://en.wikipedia.org/wiki/The_Sensorites
A38: 36 | B38: 1 | C38: =VLOOKUP(B38,Eras!$A$3:$B$999,2,0) -> Classic | D38: 1 | E38: =VLOOKUP(D38,EpisodeFormats!$A$3:$B$999,2,0) -> Series | F38: 1 | G38: =VLOOKUP(F38,Doctors!$A$3:$B$999,2,0) -> William Hartnell | H38: 1 | I38: 1 | J38: =VLOOKUP(I38,SeasonFormats!$A$3:$B$999,2,0) -> Season | K38: 7 | L38: 7 | M38: The Sensorites | N38: 6 | O38: A Desperate Venture | P38: 36 | Q38: 1964-08-01 | R38: 25 | T38: 82 | U38: {=_xlfn.TEXTJOIN(",",TRUE,_xlfn.XLOOKUP(_xlfn.FILTERXML("<t><s>" & SUBSTITUTE(T38,",","</s><s>") & "</s></t>", "//s"),Writers!$A$3:$A$999,Writers!$B$3:$B$999,""))} -> Peter R. Newman | W38: =IF(V38="","",_xlfn.XLOOKUP(V38,Writers!$A$3:$A$999,Writers!$B$3:$B$999,"")) | X38: 6.9 | AA38: =IF(ISBLANK(X38),"",ROUND(X38*AE38,2)) -> 8.73 | AB38: =IF(ISBLANK(Y38),"",ROUND(Y38*AE38,2)) | AC38: =IF(ISBLANK(Z38),"",ROUND(Z38*AE38,2)) | AD38: =VLOOKUP(YEAR(Q38),Populations!$A$3:$B$999,2,0) -> 53990800 | AE38: =(Calculations!B1/AD38) -> 1.2651217 | AG38: 1 | AH38: =VLOOKUP(AG38,WikiFormats!$A$3:$B$999,2,0) -> Story | AI38: https://en.wikipedia.org/wiki/The_Sensorites
A39: 37 | B39: 1 | C39: =VLOOKUP(B39,Eras!$A$3:$B$999,2,0) -> Classic | D39: 1 | E39: =VLOOKUP(D39,EpisodeFormats!$A$3:$B$999,2,0) -> Series | F39: 1 | G39: =VLOOKUP(F39,Doctors!$A$3:$B$999,2,0) -> William Hartnell | H39: 1 | I39: 1 | J39: =VLOOKUP(I39,SeasonFormats!$A$3:$B$999,2,0) -> Season | K39: 8 | L39: 8 | M39: The Reign of Terror | N39: 1 | O39: A Land of Fear | P39: 37 | Q39: 1964-08-08 | R39: 24 | T39: 101 | U39: {=_xlfn.TEXTJOIN(",",TRUE,_xlfn.XLOOKUP(_xlfn.FILTERXML("<t><s>" & SUBSTITUTE(T39,",","</s><s>") & "</s></t>", "//s"),Writers!$A$3:$A$999,Writers!$B$3:$B$999,""))} -> Dennis Spooner | W39: =IF(V39="","",_xlfn.XLOOKUP(V39,Writers!$A$3:$A$999,Writers!$B$3:$B$999,"")) | X39: 6.9 | AA39: =IF(ISBLANK(X39),"",ROUND(X39*AE39,2)) -> 8.73 | AB39: =IF(ISBLANK(Y39),"",ROUND(Y39*AE39,2)) | AC39: =IF(ISBLANK(Z39),"",ROUND(Z39*AE39,2)) | AD39: =VLOOKUP(YEAR(Q39),Populations!$A$3:$B$999,2,0) -> 53990800 | AE39: =(Calculations!B1/AD39) -> 1.2651217 | AG39: 1 | AH39: =VLOOKUP(AG39,WikiFormats!$A$3:$B$999,2,0) -> Story | AI39: https://en.wikipedia.org/wiki/The_Reign_of_Terror_(Doctor_Who)
A40: 38 | B40: 1 | C40: =VLOOKUP(B40,Eras!$A$3:$B$999,2,0) -> Classic | D40: 1 | E40: =VLOOKUP(D40,EpisodeFormats!$A$3:$B$999,2,0) -> Series | F40: 1 | G40: =VLOOKUP(F40,Doctors!$A$3:$B$999,2,0) -> William Hartnell | H40: 1 | I40: 1 | J40: =VLOOKUP(I40,SeasonFormats!$A$3:$B$999,2,0) -> Season | K40: 8 | L40: 8 | M40: The Reign of Terror | N40: 2 | O40: Guests of Madame Guillotine | P40: 38 | Q40: 1964-08-15 | R40: 24 | T40: 101 | U40: {=_xlfn.TEXTJOIN(",",TRUE,_xlfn.XLOOKUP(_xlfn.FILTERXML("<t><s>" & SUBSTITUTE(T40,",","</s><s>") & "</s></t>", "//s"),Writers!$A$3:$A$999,Writers!$B$3:$B$999,""))} -> Dennis Spooner | W40: =IF(V40="","",_xlfn.XLOOKUP(V40,Writers!$A$3:$A$999,Writers!$B$3:$B$999,"")) | X40: 6.9 | AA40: =IF(ISBLANK(X40),"",ROUND(X40*AE40,2)) -> 8.73 | AB40: =IF(ISBLANK(Y40),"",ROUND(Y40*AE40,2)) | AC40: =IF(ISBLANK(Z40),"",ROUND(Z40*AE40,2)) | AD40: =VLOOKUP(YEAR(Q40),Populations!$A$3:$B$999,2,0) -> 53990800 | AE40: =(Calculations!B1/AD40) -> 1.2651217 | AG40: 1 | AH40: =VLOOKUP(AG40,WikiFormats!$A$3:$B$999,2,0) -> Story | AI40: https://en.wikipedia.org/wiki/The_Reign_of_Terror_(Doctor_Who)
A41: 39 | B41: 1 | C41: =VLOOKUP(B41,Eras!$A$3:$B$999,2,0) -> Classic | D41: 1 | E41: =VLOOKUP(D41,EpisodeFormats!$A$3:$B$999,2,0) -> Series | F41: 1 | G41: =VLOOKUP(F41,Doctors!$A$3:$B$999,2,0) -> William Hartnell | H41: 1 | I41: 1 | J41: =VLOOKUP(I41,SeasonFormats!$A$3:$B$999,2,0) -> Season | K41: 8 | L41: 8 | M41: The Reign of Terror | N41: 3 | O41: A Change of Identity | P41: 39 | Q41: 1964-08-22 | R41: 25 | T41: 101 | U41: {=_xlfn.TEXTJOIN(",",TRUE,_xlfn.XLOOKUP(_xlfn.FILTERXML("<t><s>" & SUBSTITUTE(T41,",","</s><s>") & "</s></t>", "//s"),Writers!$A$3:$A$999,Writers!$B$3:$B$999,""))} -> Dennis Spooner | W41: =IF(V41="","",_xlfn.XLOOKUP(V41,Writers!$A$3:$A$999,Writers!$B$3:$B$999,"")) | X41: 6.9 | AA41: =IF(ISBLANK(X41),"",ROUND(X41*AE41,2)) -> 8.73 | AB41: =IF(ISBLANK(Y41),"",ROUND(Y41*AE41,2)) | AC41: =IF(ISBLANK(Z41),"",ROUND(Z41*AE41,2)) | AD41: =VLOOKUP(YEAR(Q41),Populations!$A$3:$B$999,2,0) -> 53990800 | AE41: =(Calculations!B1/AD41) -> 1.2651217 | AG41: 1 | AH41: =VLOOKUP(AG41,WikiFormats!$A$3:$B$999,2,0) -> Story | AI41: https://en.wikipedia.org/wiki/The_Reign_of_Terror_(Doctor_Who)
A42: 40 | B42: 1 | C42: =VLOOKUP(B42,Eras!$A$3:$B$999,2,0) -> Classic | D42: 1 | E42: =VLOOKUP(D42,EpisodeFormats!$A$3:$B$999,2,0) -> Series | F42: 1 | G42: =VLOOKUP(F42,Doctors!$A$3:$B$999,2,0) -> William Hartnell | H42: 1 | I42: 1 | J42: =VLOOKUP(I42,SeasonFormats!$A$3:$B$999,2,0) -> Season | K42: 8 | L42: 8 | M42: The Reign of Terror | N42: 4 | O42: The Tyrant of France | P42: 40 | Q42: 1964-08-29 | R42: 25 | S42: 1 | T42: 101 | U42: {=_xlfn.TEXTJOIN(",",TRUE,_xlfn.XLOOKUP(_xlfn.FILTERXML("<t><s>" & SUBSTITUTE(T42,",","</s><s>") & "</s></t>", "//s"),Writers!$A$3:$A$999,Writers!$B$3:$B$999,""))} -> Dennis Spooner | W42: =IF(V42="","",_xlfn.XLOOKUP(V42,Writers!$A$3:$A$999,Writers!$B$3:$B$999,"")) | X42: 6.4 | AA42: =IF(ISBLANK(X42),"",ROUND(X42*AE42,2)) -> 8.1 | AB42: =IF(ISBLANK(Y42),"",ROUND(Y42*AE42,2)) | AC42: =IF(ISBLANK(Z42),"",ROUND(Z42*AE42,2)) | AD42: =VLOOKUP(YEAR(Q42),Populations!$A$3:$B$999,2,0) -> 53990800 | AE42: =(Calculations!B1/AD42) -> 1.2651217 | AG42: 1 | AH42: =VLOOKUP(AG42,WikiFormats!$A$3:$B$999,2,0) -> Story | AI42: https://en.wikipedia.org/wiki/The_Reign_of_Terror_(Doctor_Who)
A43: 41 | B43: 1 | C43: =VLOOKUP(B43,Eras!$A$3:$B$999,2,0) -> Classic | D43: 1 | E43: =VLOOKUP(D43,EpisodeFormats!$A$3:$B$999,2,0) -> Series | F43: 1 | G43: =VLOOKUP(F43,Doctors!$A$3:$B$999,2,0) -> William Hartnell | H43: 1 | I43: 1 | J43: =VLOOKUP(I43,SeasonFormats!$A$3:$B$999,2,0) -> Season | K43: 8 | L43: 8 | M43: The Reign of Terror | N43: 5 | O43: A Bargain of Necessity | P43: 41 | Q43: 1964-09-05 | R43: 25 | S43: 1 | T43: 101 | U43: {=_xlfn.TEXTJOIN(",",TRUE,_xlfn.XLOOKUP(_xlfn.FILTERXML("<t><s>" & SUBSTITUTE(T43,",","</s><s>") & "</s></t>", "//s"),Writers!$A$3:$A$999,Writers!$B$3:$B$999,""))} -> Dennis Spooner | W43: =IF(V43="","",_xlfn.XLOOKUP(V43,Writers!$A$3:$A$999,Writers!$B$3:$B$999,"")) | X43: 6.9 | AA43: =IF(ISBLANK(X43),"",ROUND(X43*AE43,2)) -> 8.73 | AB43: =IF(ISBLANK(Y43),"",ROUND(Y43*AE43,2)) | AC43: =IF(ISBLANK(Z43),"",ROUND(Z43*AE43,2)) | AD43: =VLOOKUP(YEAR(Q43),Populations!$A$3:$B$999,2,0) -> 53990800 | AE43: =(Calculations!B1/AD43) -> 1.2651217 | AG43: 1 | AH43: =VLOOKUP(AG43,WikiFormats!$A$3:$B$999,2,0) -> Story | AI43: https://en.wikipedia.org/wiki/The_Reign_of_Terror_(Doctor_Who)
A44: 42 | B44: 1 | C44: =VLOOKUP(B44,Eras!$A$3:$B$999,2,0) -> Classic | D44: 1 | E44: =VLOOKUP(D44,EpisodeFormats!$A$3:$B$999,2,0) -> Series | F44: 1 | G44: =VLOOKUP(F44,Doctors!$A$3:$B$999,2,0) -> William Hartnell | H44: 1 | I44: 1 | J44: =VLOOKUP(I44,SeasonFormats!$A$3:$B$999,2,0) -> Season | K44: 8 | L44: 8 | M44: The Reign of Terror | N44: 6 | O44: Prisoners of Conciergerie | P44: 42 | Q44: 1964-09-12 | R44: 25 | T44: 101 | U44: {=_xlfn.TEXTJOIN(",",TRUE,_xlfn.XLOOKUP(_xlfn.FILTERXML("<t><s>" & SUBSTITUTE(T44,",","</s><s>") & "</s></t>", "//s"),Writers!$A$3:$A$999,Writers!$B$3:$B$999,""))} -> Dennis Spooner | W44: =IF(V44="","",_xlfn.XLOOKUP(V44,Writers!$A$3:$A$999,Writers!$B$3:$B$999,"")) | X44: 6.4 | AA44: =IF(ISBLANK(X44),"",ROUND(X44*AE44,2)) -> 8.1 | AB44: =IF(ISBLANK(Y44),"",ROUND(Y44*AE44,2)) | AC44: =IF(ISBLANK(Z44),"",ROUND(Z44*AE44,2)) | AD44: =VLOOKUP(YEAR(Q44),Populations!$A$3:$B$999,2,0) -> 53990800 | AE44: =(Calculations!B1/AD44) -> 1.2651217 | AG44: 1 | AH44: =VLOOKUP(AG44,WikiFormats!$A$3:$B$999,2,0) -> Story | AI44: https://en.wikipedia.org/wiki/The_Reign_of_Terror_(Doctor_Who)
A45: 43 | B45: 1 | C45: =VLOOKUP(B45,Eras!$A$3:$B$999,2,0) -> Classic | D45: 1 | E45: =VLOOKUP(D45,EpisodeFormats!$A$3:$B$999,2,0) -> Series | F45: 1 | G45: =VLOOKUP(F45,Doctors!$A$3:$B$999,2,0) -> William Hartnell | H45: 2 | I45: 1 | J45: =VLOOKUP(I45,SeasonFormats!$A$3:$B$999,2,0) -> Season | K45: 9 | L45: 1 | M45: Planet of Giants | N45: 1 | O45: Planet of Giants | P45: 1 | Q45: 1964-10-31 | R45: 23 | T45: 69 | U45: {=_xlfn.TEXTJOIN(",",TRUE,_xlfn.XLOOKUP(_xlfn.FILTERXML("<t><s>" & SUBSTITUTE(T45,",","</s><s>") & "</s></t>", "//s"),Writers!$A$3:$A$999,Writers!$B$3:$B$999,""))} -> Louis Marks | W45: =IF(V45="","",_xlfn.XLOOKUP(V45,Writers!$A$3:$A$999,Writers!$B$3:$B$999,"")) | X45: 8.4 | AA45: =IF(ISBLANK(X45),"",ROUND(X45*AE45,2)) -> 10.63 | AB45: =IF(ISBLANK(Y45),"",ROUND(Y45*AE45,2)) | AC45: =IF(ISBLANK(Z45),"",ROUND(Z45*AE45,2)) | AD45: =VLOOKUP(YEAR(Q45),Populations!$A$3:$B$999,2,0) -> 53990800 | AE45: =(Calculations!B1/AD45) -> 1.2651217 | AG45: 1 | AH45: =VLOOKUP(AG45,WikiFormats!$A$3:$B$999,2,0) -> Story | AI45: https://en.wikipedia.org/wiki/Planet_of_Giants
A46: 44 | B46: 1 | C46: =VLOOKUP(B46,Eras!$A$3:$B$999,2,0) -> Classic | D46: 1 | E46: =VLOOKUP(D46,EpisodeFormats!$A$3:$B$999,2,0) -> Series | F46: 1 | G46: =VLOOKUP(F46,Doctors!$A$3:$B$999,2,0) -> William Hartnell | H46: 2 | I46: 1 | J46: =VLOOKUP(I46,SeasonFormats!$A$3:$B$999,2,0) -> Season | K46: 9 | L46: 1 | M46: Planet of Giants | N46: 2 | O46: Dangerous Journey | P46: 2 | Q46: 1964-11-07 | R46: 24 | T46: 69 | U46: {=_xlfn.TEXTJOIN(",",TRUE,_xlfn.XLOOKUP(_xlfn.FILTERXML("<t><s>" & SUBSTITUTE(T46,",","</s><s>") & "</s></t>", "//s"),Writers!$A$3:$A$999,Writers!$B$3:$B$999,""))} -> Louis Marks | W46: =IF(V46="","",_xlfn.XLOOKUP(V46,Writers!$A$3:$A$999,Writers!$B$3:$B$999,"")) | X46: 8.4 | AA46: =IF(ISBLANK(X46),"",ROUND(X46*AE46,2)) -> 10.63 | AB46: =IF(ISBLANK(Y46),"",ROUND(Y46*AE46,2)) | AC46: =IF(ISBLANK(Z46),"",ROUND(Z46*AE46,2)) | AD46: =VLOOKUP(YEAR(Q46),Populations!$A$3:$B$999,2,0) -> 53990800 | AE46: =(Calculations!B1/AD46) -> 1.2651217 | AG46: 1 | AH46: =VLOOKUP(AG46,WikiFormats!$A$3:$B$999,2,0) -> Story | AI46: https://en.wikipedia.org/wiki/Planet_of_Giants
A47: 45 | B47: 1 | C47: =VLOOKUP(B47,Eras!$A$3:$B$999,2,0) -> Classic | D47: 1 | E47: =VLOOKUP(D47,EpisodeFormats!$A$3:$B$999,2,0) -> Series | F47: 1 | G47: =VLOOKUP(F47,Doctors!$A$3:$B$999,2,0) -> William Hartnell | H47: 2 | I47: 1 | J47: =VLOOKUP(I47,SeasonFormats!$A$3:$B$999,2,0) -> Season | K47: 9 | L47: 1 | M47: Planet of Giants | N47: 3 | O47: Crisis | P47: 3 | Q47: 1964-11-14 | R47: 27 | T47: 69 | U47: {=_xlfn.TEXTJOIN(",",TRUE,_xlfn.XLOOKUP(_xlfn.FILTERXML("<t><s>" & SUBSTITUTE(T47,",","</s><s>") & "</s></t>", "//s"),Writers!$A$3:$A$999,Writers!$B$3:$B$999,""))} -> Louis Marks | W47: =IF(V47="","",_xlfn.XLOOKUP(V47,Writers!$A$3:$A$999,Writers!$B$3:$B$999,"")) | X47: 8.9 | AA47: =IF(ISBLANK(X47),"",ROUND(X47*AE47,2)) -> 11.26 | AB47: =IF(ISBLANK(Y47),"",ROUND(Y47*AE47,2)) | AC47: =IF(ISBLANK(Z47),"",ROUND(Z47*AE47,2)) | AD47: =VLOOKUP(YEAR(Q47),Populations!$A$3:$B$999,2,0) -> 53990800 | AE47: =(Calculations!B1/AD47) -> 1.2651217 | AG47: 1 | AH47: =VLOOKUP(AG47,WikiFormats!$A$3:$B$999,2,0) -> Story | AI47: https://en.wikipedia.org/wiki/Planet_of_Giants
A48: 46 | B48: 1 | C48: =VLOOKUP(B48,Eras!$A$3:$B$999,2,0) -> Classic | D48: 1 | E48: =VLOOKUP(D48,EpisodeFormats!$A$3:$B$999,2,0) -> Series | F48: 1 | G48: =VLOOKUP(F48,Doctors!$A$3:$B$999,2,0) -> William Hartnell | H48: 2 | I48: 1 | J48: =VLOOKUP(I48,SeasonFormats!$A$3:$B$999,2,0) -> Season | K48: 10 | L48: 2 | M48: The Dalek Invasion of Earth | N48: 1 | O48: World's End | P48: 4 | Q48: 1964-11-21 | R48: 24 | T48: 81 | U48: {=_xlfn.TEXTJOIN(",",TRUE,_xlfn.XLOOKUP(_xlfn.FILTERXML("<t><s>" & SUBSTITUTE(T48,",","</s><s>") & "</s></t>", "//s"),Writers!$A$3:$A$999,Writers!$B$3:$B$999,""))} -> Terry Nation | W48: =IF(V48="","",_xlfn.XLOOKUP(V48,Writers!$A$3:$A$999,Writers!$B$3:$B$999,"")) | X48: 11.4 | AA48: =IF(ISBLANK(X48),"",ROUND(X48*AE48,2)) -> 14.42 | AB48: =IF(ISBLANK(Y48),"",ROUND(Y48*AE48,2)) | AC48: =IF(ISBLANK(Z48),"",ROUND(Z48*AE48,2)) | AD48: =VLOOKUP(YEAR(Q48),Populations!$A$3:$B$999,2,0) -> 53990800 | AE48: =(Calculations!B1/AD48) -> 1.2651217 | AG48: 1 | AH48: =VLOOKUP(AG48,WikiFormats!$A$3:$B$999,2,0) -> Story | AI48: https://en.wikipedia.org/wiki/The_Dalek_Invasion_of_Earth
A49: 47 | B49: 1 | C49: =VLOOKUP(B49,Eras!$A$3:$B$999,2,0) -> Classic | D49: 1 | E49: =VLOOKUP(D49,EpisodeFormats!$A$3:$B$999,2,0) -> Series | F49: 1 | G49: =VLOOKUP(F49,Doctors!$A$3:$B$999,2,0) -> William Hartnell | H49: 2 | I49: 1 | J49: =VLOOKUP(I49,SeasonFormats!$A$3:$B$999,2,0) -> Season | K49: 10 | L49: 2 | M49: The Dalek Invasion of Earth | N49: 2 | O49: The Daleks | P49: 5 | Q49: 1964-11-28 | R49: 24 | T49: 81 | U49: {=_xlfn.TEXTJOIN(",",TRUE,_xlfn.XLOOKUP(_xlfn.FILTERXML("<t><s>" & SUBSTITUTE(T49,",","</s><s>") & "</s></t>", "//s"),Writers!$A$3:$A$999,Writers!$B$3:$B$999,""))} -> Terry Nation | W49: =IF(V49="","",_xlfn.XLOOKUP(V49,Writers!$A$3:$A$999,Writers!$B$3:$B$999,"")) | X49: 12.4 | AA49: =IF(ISBLANK(X49),"",ROUND(X49*AE49,2)) -> 15.69 | AB49: =IF(ISBLANK(Y49),"",ROUND(Y49*AE49,2)) | AC49: =IF(ISBLANK(Z49),"",ROUND(Z49*AE49,2)) | AD49: =VLOOKUP(YEAR(Q49),Populations!$A$3:$B$999,2,0) -> 53990800 | AE49: =(Calculations!B1/AD49) -> 1.2651217 | AG49: 1 | AH49: =VLOOKUP(AG49,WikiFormats!$A$3:$B$999,2,0) -> Story | AI49: https://en.wikipedia.org/wiki/The_Dalek_Invasion_of_Earth
A50: 48 | B50: 1 | C50: =VLOOKUP(B50,Eras!$A$3:$B$999,2,0) -> Classic | D50: 1 | E50: =VLOOKUP(D50,EpisodeFormats!$A$3:$B$999,2,0) -> Series | F50: 1 | G50: =VLOOKUP(F50,Doctors!$A$3:$B$999,2,0) -> William Hartnell | H50: 2 | I50: 1 | J50: =VLOOKUP(I50,SeasonFormats!$A$3:$B$999,2,0) -> Season | K50: 10 | L50: 2 | M50: The Dalek Invasion of Earth | N50: 3 | O50: Day of Reckoning | P50: 6 | Q50: 1964-12-05 | R50: 27 | T50: 81 | U50: {=_xlfn.TEXTJOIN(",",TRUE,_xlfn.XLOOKUP(_xlfn.FILTERXML("<t><s>" & SUBSTITUTE(T50,",","</s><s>") & "</s></t>", "//s"),Writers!$A$3:$A$999,Writers!$B$3:$B$999,""))} -> Terry Nation | W50: =IF(V50="","",_xlfn.XLOOKUP(V50,Writers!$A$3:$A$999,Writers!$B$3:$B$999,"")) | X50: 11.9 | AA50: =IF(ISBLANK(X50),"",ROUND(X50*AE50,2)) -> 15.05 | AB50: =IF(ISBLANK(Y50),"",ROUND(Y50*AE50,2)) | AC50: =IF(ISBLANK(Z50),"",ROUND(Z50*AE50,2)) | AD50: =VLOOKUP(YEAR(Q50),Populations!$A$3:$B$999,2,0) -> 53990800 | AE50: =(Calculations!B1/AD50) -> 1.2651217 | AG50: 1 | AH50: =VLOOKUP(AG50,WikiFormats!$A$3:$B$999,2,0) -> Story | AI50: https://en.wikipedia.org/wiki/The_Dalek_Invasion_of_Earth
A51: 49 | B51: 1 | C51: =VLOOKUP(B51,Eras!$A$3:$B$999,2,0) -> Classic | D51: 1 | E51: =VLOOKUP(D51,EpisodeFormats!$A$3:$B$999,2,0) -> Series | F51: 1 | G51: =VLOOKUP(F51,Doctors!$A$3:$B$999,2,0) -> William Hartnell | H51: 2 | I51: 1 | J51: =VLOOKUP(I51,SeasonFormats!$A$3:$B$999,2,0) -> Season | K51: 10 | L51: 2 | M51: The Dalek Invasion of Earth | N51: 4 | O51: The End of Tomorrow | P51: 7 | Q51: 1964-12-12 | R51: 23 | T51: 81 | U51: {=_xlfn.TEXTJOIN(",",TRUE,_xlfn.XLOOKUP(_xlfn.FILTERXML("<t><s>" & SUBSTITUTE(T51,",","</s><s>") & "</s></t>", "//s"),Writers!$A$3:$A$999,Writers!$B$3:$B$999,""))} -> Terry Nation | W51: =IF(V51="","",_xlfn.XLOOKUP(V51,Writers!$A$3:$A$999,Writers!$B$3:$B$999,"")) | X51: 11.9 | AA51: =IF(ISBLANK(X51),"",ROUND(X51*AE51,2)) -> 15.05 | AB51: =IF(ISBLANK(Y51),"",ROUND(Y51*AE51,2)) | AC51: =IF(ISBLANK(Z51),"",ROUND(Z51*AE51,2)) | AD51: =VLOOKUP(YEAR(Q51),Populations!$A$3:$B$999,2,0) -> 53990800 | AE51: =(Calculations!B1/AD51) -> 1.2651217 | AG51: 1 | AH51: =VLOOKUP(AG51,WikiFormats!$A$3:$B$999,2,0) -> Story | AI51: https://en.wikipedia.org/wiki/The_Dalek_Invasion_of_Earth
A52: 50 | B52: 1 | C52: =VLOOKUP(B52,Eras!$A$3:$B$999,2,0) -> Classic | D52: 1 | E52: =VLOOKUP(D52,EpisodeFormats!$A$3:$B$999,2,0) -> Series | F52: 1 | G52: =VLOOKUP(F52,Doctors!$A$3:$B$999,2,0) -> William Hartnell | H52: 2 | I52: 1 | J52: =VLOOKUP(I52,SeasonFormats!$A$3:$B$999,2,0) -> Season | K52: 10 | L52: 2 | M52: The Dalek Invasion of Earth | N52: 5 | O52: The Waking Ally | P52: 8 | Q52: 1964-12-19 | R52: 25 | T52: 81 | U52: {=_xlfn.TEXTJOIN(",",TRUE,_xlfn.XLOOKUP(_xlfn.FILTERXML("<t><s>" & SUBSTITUTE(T52,",","</s><s>") & "</s></t>", "//s"),Writers!$A$3:$A$999,Writers!$B$3:$B$999,""))} -> Terry Nation | W52: =IF(V52="","",_xlfn.XLOOKUP(V52,Writers!$A$3:$A$999,Writers!$B$3:$B$999,"")) | X52: 11.4 | AA52: =IF(ISBLANK(X52),"",ROUND(X52*AE52,2)) -> 14.42 | AB52: =IF(ISBLANK(Y52),"",ROUND(Y52*AE52,2)) | AC52: =IF(ISBLANK(Z52),"",ROUND(Z52*AE52,2)) | AD52: =VLOOKUP(YEAR(Q52),Populations!$A$3:$B$999,2,0) -> 53990800 | AE52: =(Calculations!B1/AD52) -> 1.2651217 | AG52: 1 | AH52: =VLOOKUP(AG52,WikiFormats!$A$3:$B$999,2,0) -> Story | AI52: https://en.wikipedia.org/wiki/The_Dalek_Invasion_of_Earth
A53: 51 | B53: 1 | C53: =VLOOKUP(B53,Eras!$A$3:$B$999,2,0) -> Classic | D53: 1 | E53: =VLOOKUP(D53,EpisodeFormats!$A$3:$B$999,2,0) -> Series | F53: 1 | G53: =VLOOKUP(F53,Doctors!$A$3:$B$999,2,0) -> William Hartnell | H53: 2 | I53: 1 | J53: =VLOOKUP(I53,SeasonFormats!$A$3:$B$999,2,0) -> Season | K53: 10 | L53: 2 | M53: The Dalek Invasion of Earth | N53: 6 | O53: Flashpoint | P53: 9 | Q53: 1964-12-26 | R53: 26 | T53: 81 | U53: {=_xlfn.TEXTJOIN(",",TRUE,_xlfn.XLOOKUP(_xlfn.FILTERXML("<t><s>" & SUBSTITUTE(T53,",","</s><s>") & "</s></t>", "//s"),Writers!$A$3:$A$999,Writers!$B$3:$B$999,""))} -> Terry Nation | W53: =IF(V53="","",_xlfn.XLOOKUP(V53,Writers!$A$3:$A$999,Writers!$B$3:$B$999,"")) | X53: 12.4 | AA53: =IF(ISBLANK(X53),"",ROUND(X53*AE53,2)) -> 15.69 | AB53: =IF(ISBLANK(Y53),"",ROUND(Y53*AE53,2)) | AC53: =IF(ISBLANK(Z53),"",ROUND(Z53*AE53,2)) | AD53: =VLOOKUP(YEAR(Q53),Populations!$A$3:$B$999,2,0) -> 53990800 | AE53: =(Calculations!B1/AD53) -> 1.2651217 | AG53: 1 | AH53: =VLOOKUP(AG53,WikiFormats!$A$3:$B$999,2,0) -> Story | AI53: https://en.wikipedia.org/wiki/The_Dalek_Invasion_of_Earth
A54: 52 | B54: 1 | C54: =VLOOKUP(B54,Eras!$A$3:$B$999,2,0) -> Classic | D54: 1 | E54: =VLOOKUP(D54,EpisodeFormats!$A$3:$B$999,2,0) -> Series | F54: 1 | G54: =VLOOKUP(F54,Doctors!$A$3:$B$999,2,0) -> William Hartnell | H54: 2 | I54: 1 | J54: =VLOOKUP(I54,SeasonFormats!$A$3:$B$999,2,0) -> Season | K54: 11 | L54: 3 | M54: The Rescue | N54: 1 | O54: The Powerful Enemy | P54: 10 | Q54: 1965-01-02 | R54: 25 | T54: 109 | U54: {=_xlfn.TEXTJOIN(",",TRUE,_xlfn.XLOOKUP(_xlfn.FILTERXML("<t><s>" & SUBSTITUTE(T54,",","</s><s>") & "</s></t>", "//s"),Writers!$A$3:$A$999,Writers!$B$3:$B$999,""))} -> David Whitaker | W54: =IF(V54="","",_xlfn.XLOOKUP(V54,Writers!$A$3:$A$999,Writers!$B$3:$B$999,"")) | X54: 12 | AA54: =IF(ISBLANK(X54),"",ROUND(X54*AE54,2)) -> 15.08 | AB54: =IF(ISBLANK(Y54),"",ROUND(Y54*AE54,2)) | AC54: =IF(ISBLANK(Z54),"",ROUND(Z54*AE54,2)) | AD54: =VLOOKUP(YEAR(Q54),Populations!$A$3:$B$999,2,0) -> 54349500 | AE54: =(Calculations!B1/AD54) -> 1.256772 | AG54: 1 | AH54: =VLOOKUP(AG54,WikiFormats!$A$3:$B$999,2,0) -> Story | AI54: https://en.wikipedia.org/wiki/The_Rescue_(Doctor_Who)
A55: 53 | B55: 1 | C55: =VLOOKUP(B55,Eras!$A$3:$B$999,2,0) -> Classic | D55: 1 | E55: =VLOOKUP(D55,EpisodeFormats!$A$3:$B$999,2,0) -> Series | F55: 1 | G55: =VLOOKUP(F55,Doctors!$A$3:$B$999,2,0) -> William Hartnell | H55: 2 | I55: 1 | J55: =VLOOKUP(I55,SeasonFormats!$A$3:$B$999,2,0) -> Season | K55: 11 | L55: 3 | M55: The Rescue | N55: 2 | O55: Desperate Measures | P55: 11 | Q55: 1965-01-09 | R55: 25 | T55: 109 | U55: {=_xlfn.TEXTJOIN(",",TRUE,_xlfn.XLOOKUP(_xlfn.FILTERXML("<t><s>" & SUBSTITUTE(T55,",","</s><s>") & "</s></t>", "//s"),Writers!$A$3:$A$999,Writers!$B$3:$B$999,""))} -> David Whitaker | W55: =IF(V55="","",_xlfn.XLOOKUP(V55,Writers!$A$3:$A$999,Writers!$B$3:$B$999,"")) | X55: 13 | AA55: =IF(ISBLANK(X55),"",ROUND(X55*AE55,2)) -> 16.34 | AB55: =IF(ISBLANK(Y55),"",ROUND(Y55*AE55,2)) | AC55: =IF(ISBLANK(Z55),"",ROUND(Z55*AE55,2)) | AD55: =VLOOKUP(YEAR(Q55),Populations!$A$3:$B$999,2,0) -> 54349500 | AE55: =(Calculations!B1/AD55) -> 1.256772 | AG55: 1 | AH55: =VLOOKUP(AG55,WikiFormats!$A$3:$B$999,2,0) -> Story | AI55: https://en.wikipedia.org/wiki/The_Rescue_(Doctor_Who)
A56: 54 | B56: 1 | C56: =VLOOKUP(B56,Eras!$A$3:$B$999,2,0) -> Classic | D56: 1 | E56: =VLOOKUP(D56,EpisodeFormats!$A$3:$B$999,2,0) -> Series | F56: 1 | G56: =VLOOKUP(F56,Doctors!$A$3:$B$999,2,0) -> William Hartnell | H56: 2 | I56: 1 | J56: =VLOOKUP(I56,SeasonFormats!$A$3:$B$999,2,0) -> Season | K56: 12 | L56: 4 | M56: The Romans | N56: 1 | O56: The Slave Traders | P56: 12 | Q56: 1965-01-16 | R56: 24 | T56: 101 | U56: {=_xlfn.TEXTJOIN(",",TRUE,_xlfn.XLOOKUP(_xlfn.FILTERXML("<t><s>" & SUBSTITUTE(T56,",","</s><s>") & "</s></t>", "//s"),Writers!$A$3:$A$999,Writers!$B$3:$B$999,""))} -> Dennis Spooner | W56: =IF(V56="","",_xlfn.XLOOKUP(V56,Writers!$A$3:$A$999,Writers!$B$3:$B$999,"")) | X56: 13 | AA56: =IF(ISBLANK(X56),"",ROUND(X56*AE56,2)) -> 16.34 | AB56: =IF(ISBLANK(Y56),"",ROUND(Y56*AE56,2)) | AC56: =IF(ISBLANK(Z56),"",ROUND(Z56*AE56,2)) | AD56: =VLOOKUP(YEAR(Q56),Populations!$A$3:$B$999,2,0) -> 54349500 | AE56: =(Calculations!B1/AD56) -> 1.256772 | AG56: 1 | AH56: =VLOOKUP(AG56,WikiFormats!$A$3:$B$999,2,0) -> Story | AI56: https://en.wikipedia.org/wiki/The_Romans_(Doctor_Who)
A57: 55 | B57: 1 | C57: =VLOOKUP(B57,Eras!$A$3:$B$999,2,0) -> Classic | D57: 1 | E57: =VLOOKUP(D57,EpisodeFormats!$A$3:$B$999,2,0) -> Series | F57: 1 | G57: =VLOOKUP(F57,Doctors!$A$3:$B$999,2,0) -> William Hartnell | H57: 2 | I57: 1 | J57: =VLOOKUP(I57,SeasonFormats!$A$3:$B$999,2,0) -> Season | K57: 12 | L57: 4 | M57: The Romans | N57: 2 | O57: All Roads Lead to Rome | P57: 13 | Q57: 1965-01-23 | R57: 23 | T57: 101 | U57: {=_xlfn.TEXTJOIN(",",TRUE,_xlfn.XLOOKUP(_xlfn.FILTERXML("<t><s>" & SUBSTITUTE(T57,",","</s><s>") & "</s></t>", "//s"),Writers!$A$3:$A$999,Writers!$B$3:$B$999,""))} -> Dennis Spooner | W57: =IF(V57="","",_xlfn.XLOOKUP(V57,Writers!$A$3:$A$999,Writers!$B$3:$B$999,"")) | X57: 11.5 | AA57: =IF(ISBLANK(X57),"",ROUND(X57*AE57,2)) -> 14.45 | AB57: =IF(ISBLANK(Y57),"",ROUND(Y57*AE57,2)) | AC57: =IF(ISBLANK(Z57),"",ROUND(Z57*AE57,2)) | AD57: =VLOOKUP(YEAR(Q57),Populations!$A$3:$B$999,2,0) -> 54349500 | AE57: =(Calculations!B1/AD57) -> 1.256772 | AG57: 1 | AH57: =VLOOKUP(AG57,WikiFormats!$A$3:$B$999,2,0) -> Story | AI57: https://en.wikipedia.org/wiki/The_Romans_(Doctor_Who)
A58: 56 | B58: 1 | C58: =VLOOKUP(B58,Eras!$A$3:$B$999,2,0) -> Classic | D58: 1 | E58: =VLOOKUP(D58,EpisodeFormats!$A$3:$B$999,2,0) -> Series | F58: 1 | G58: =VLOOKUP(F58,Doctors!$A$3:$B$999,2,0) -> William Hartnell | H58: 2 | I58: 1 | J58: =VLOOKUP(I58,SeasonFormats!$A$3:$B$999,2,0) -> Season | K58: 12 | L58: 4 | M58: The Romans | N58: 3 | O58: Conspiracy | P58: 14 | Q58: 1965-01-30 | R58: 26 | T58: 101 | U58: {=_xlfn.TEXTJOIN(",",TRUE,_xlfn.XLOOKUP(_xlfn.FILTERXML("<t><s>" & SUBSTITUTE(T58,",","</s><s>") & "</s></t>", "//s"),Writers!$A$3:$A$999,Writers!$B$3:$B$999,""))} -> Dennis Spooner | W58: =IF(V58="","",_xlfn.XLOOKUP(V58,Writers!$A$3:$A$999,Writers!$B$3:$B$999,"")) | X58: 10 | AA58: =IF(ISBLANK(X58),"",ROUND(X58*AE58,2)) -> 12.57 | AB58: =IF(ISBLANK(Y58),"",ROUND(Y58*AE58,2)) | AC58: =IF(ISBLANK(Z58),"",ROUND(Z58*AE58,2)) | AD58: =VLOOKUP(YEAR(Q58),Populations!$A$3:$B$999,2,0) -> 54349500 | AE58: =(Calculations!B1/AD58) -> 1.256772 | AG58: 1 | AH58: =VLOOKUP(AG58,WikiFormats!$A$3:$B$999,2,0) -> Story | AI58: https://en.wikipedia.org/wiki/The_Romans_(Doctor_Who)
A59: 57 | B59: 1 | C59: =VLOOKUP(B59,Eras!$A$3:$B$999,2,0) -> Classic | D59: 1 | E59: =VLOOKUP(D59,EpisodeFormats!$A$3:$B$999,2,0) -> Series | F59: 1 | G59: =VLOOKUP(F59,Doctors!$A$3:$B$999,2,0) -> William Hartnell | H59: 2 | I59: 1 | J59: =VLOOKUP(I59,SeasonFormats!$A$3:$B$999,2,0) -> Season | K59: 12 | L59: 4 | M59: The Romans | N59: 4 | O59: Inferno | P59: 15 | Q59: 1965-02-06 | R59: 23 | T59: 101 | U59: {=_xlfn.TEXTJOIN(",",TRUE,_xlfn.XLOOKUP(_xlfn.FILTERXML("<t><s>" & SUBSTITUTE(T59,",","</s><s>") & "</s></t>", "//s"),Writers!$A$3:$A$999,Writers!$B$3:$B$999,""))} -> Dennis Spooner | W59: =IF(V59="","",_xlfn.XLOOKUP(V59,Writers!$A$3:$A$999,Writers!$B$3:$B$999,"")) | X59: 12 | AA59: =IF(ISBLANK(X59),"",ROUND(X59*AE59,2)) -> 15.08 | AB59: =IF(ISBLANK(Y59),"",ROUND(Y59*AE59,2)) | AC59: =IF(ISBLANK(Z59),"",ROUND(Z59*AE59,2)) | AD59: =VLOOKUP(YEAR(Q59),Populations!$A$3:$B$999,2,0) -> 54349500 | AE59: =(Calculations!B1/AD59) -> 1.256772 | AG59: 1 | AH59: =VLOOKUP(AG59,WikiFormats!$A$3:$B$999,2,0) -> Story | AI59: https://en.wikipedia.org/wiki/The_Romans_(Doctor_Who)
A60: 58 | B60: 1 | C60: =VLOOKUP(B60,Eras!$A$3:$B$999,2,0) -> Classic | D60: 1 | E60: =VLOOKUP(D60,EpisodeFormats!$A$3:$B$999,2,0) -> Series | F60: 1 | G60: =VLOOKUP(F60,Doctors!$A$3:$B$999,2,0) -> William Hartnell | H60: 2 | I60: 1 | J60: =VLOOKUP(I60,SeasonFormats!$A$3:$B$999,2,0) -> Season | K60: 13 | L60: 5 | M60: The Web Planet | N60: 1 | O60: The Web Planet | P60: 16 | Q60: 1965-02-13 | R60: 24 | T60: 104 | U60: {=_xlfn.TEXTJOIN(",",TRUE,_xlfn.XLOOKUP(_xlfn.FILTERXML("<t><s>" & SUBSTITUTE(T60,",","</s><s>") & "</s></t>", "//s"),Writers!$A$3:$A$999,Writers!$B$3:$B$999,""))} -> Bill Strutton | W60: =IF(V60="","",_xlfn.XLOOKUP(V60,Writers!$A$3:$A$999,Writers!$B$3:$B$999,"")) | X60: 13.5 | AA60: =IF(ISBLANK(X60),"",ROUND(X60*AE60,2)) -> 16.97 | AB60: =IF(ISBLANK(Y60),"",ROUND(Y60*AE60,2)) | AC60: =IF(ISBLANK(Z60),"",ROUND(Z60*AE60,2)) | AD60: =VLOOKUP(YEAR(Q60),Populations!$A$3:$B$999,2,0) -> 54349500 | AE60: =(Calculations!B1/AD60) -> 1.256772 | AG60: 1 | AH60: =VLOOKUP(AG60,WikiFormats!$A$3:$B$999,2,0) -> Story | AI60: https://en.wikipedia.org/wiki/The_Web_Planet
A61: 59 | B61: 1 | C61: =VLOOKUP(B61,Eras!$A$3:$B$999,2,0) -> Classic | D61: 1 | E61: =VLOOKUP(D61,EpisodeFormats!$A$3:$B$999,2,0) -> Series | F61: 1 | G61: =VLOOKUP(F61,Doctors!$A$3:$B$999,2,0) -> William Hartnell | H61: 2 | I61: 1 | J61: =VLOOKUP(I61,SeasonFormats!$A$3:$B$999,2,0) -> Season | K61: 13 | L61: 5 | M61: The Web Planet | N61: 2 | O61: The Zarbi | P61: 17 | Q61: 1965-02-20 | R61: 23 | T61: 104 | U61: {=_xlfn.TEXTJOIN(",",TRUE,_xlfn.XLOOKUP(_xlfn.FILTERXML("<t><s>" & SUBSTITUTE(T61,",","</s><s>") & "</s></t>", "//s"),Writers!$A$3:$A$999,Writers!$B$3:$B$999,""))} -> Bill Strutton | W61: =IF(V61="","",_xlfn.XLOOKUP(V61,Writers!$A$3:$A$999,Writers!$B$3:$B$999,"")) | X61: 12.5 | AA61: =IF(ISBLANK(X61),"",ROUND(X61*AE61,2)) -> 15.71 | AB61: =IF(ISBLANK(Y61),"",ROUND(Y61*AE61,2)) | AC61: =IF(ISBLANK(Z61),"",ROUND(Z61*AE61,2)) | AD61: =VLOOKUP(YEAR(Q61),Populations!$A$3:$B$999,2,0) -> 54349500 | AE61: =(Calculations!B1/AD61) -> 1.256772 | AG61: 1 | AH61: =VLOOKUP(AG61,WikiFormats!$A$3:$B$999,2,0) -> Story | AI61: https://en.wikipedia.org/wiki/The_Web_Planet
A62: 60 | B62: 1 | C62: =VLOOKUP(B62,Eras!$A$3:$B$999,2,0) -> Classic | D62: 1 | E62: =VLOOKUP(D62,EpisodeFormats!$A$3:$B$999,2,0) -> Series | F62: 1 | G62: =VLOOKUP(F62,Doctors!$A$3:$B$999,2,0) -> William Hartnell | H62: 2 | I62: 1 | J62: =VLOOKUP(I62,SeasonFormats!$A$3:$B$999,2,0) -> Season | K62: 13 | L62: 5 | M62: The Web Planet | N62: 3 | O62: Escape to Danger | P62: 18 | Q62: 1965-02-27 | R62: 23 | T62: 104 | U62: {=_xlfn.TEXTJOIN(",",TRUE,_xlfn.XLOOKUP(_xlfn.FILTERXML("<t><s>" & SUBSTITUTE(T62,",","</s><s>") & "</s></t>", "//s"),Writers!$A$3:$A$999,Writers!$B$3:$B$999,""))} -> Bill Strutton | W62: =IF(V62="","",_xlfn.XLOOKUP(V62,Writers!$A$3:$A$999,Writers!$B$3:$B$999,"")) | X62: 12.5 | AA62: =IF(ISBLANK(X62),"",ROUND(X62*AE62,2)) -> 15.71 | AB62: =IF(ISBLANK(Y62),"",ROUND(Y62*AE62,2)) | AC62: =IF(ISBLANK(Z62),"",ROUND(Z62*AE62,2)) | AD62: =VLOOKUP(YEAR(Q62),Populations!$A$3:$B$999,2,0) -> 54349500 | AE62: =(Calculations!B1/AD62) -> 1.256772 | AG62: 1 | AH62: =VLOOKUP(AG62,WikiFormats!$A$3:$B$999,2,0) -> Story | AI62: https://en.wikipedia.org/wiki/The_Web_Planet
A63: 61 | B63: 1 | C63: =VLOOKUP(B63,Eras!$A$3:$B$999,2,0) -> Classic | D63: 1 | E63: =VLOOKUP(D63,EpisodeFormats!$A$3:$B$999,2,0) -> Series | F63: 1 | G63: =VLOOKUP(F63,Doctors!$A$3:$B$999,2,0) -> William Hartnell | H63: 2 | I63: 1 | J63: =VLOOKUP(I63,SeasonFormats!$A$3:$B$999,2,0) -> Season | K63: 13 | L63: 5 | M63: The Web Planet | N63: 4 | O63: Crater of Needles | P63: 19 | Q63: 1965-03-06 | R63: 26 | T63: 104 | U63: {=_xlfn.TEXTJOIN(",",TRUE,_xlfn.XLOOKUP(_xlfn.FILTERXML("<t><s>" & SUBSTITUTE(T63,",","</s><s>") & "</s></t>", "//s"),Writers!$A$3:$A$999,Writers!$B$3:$B$999,""))} -> Bill Strutton | W63: =IF(V63="","",_xlfn.XLOOKUP(V63,Writers!$A$3:$A$999,Writers!$B$3:$B$999,"")) | X63: 13 | AA63: =IF(ISBLANK(X63),"",ROUND(X63*AE63,2)) -> 16.34 | AB63: =IF(ISBLANK(Y63),"",ROUND(Y63*AE63,2)) | AC63: =IF(ISBLANK(Z63),"",ROUND(Z63*AE63,2)) | AD63: =VLOOKUP(YEAR(Q63),Populations!$A$3:$B$999,2,0) -> 54349500 | AE63: =(Calculations!B1/AD63) -> 1.256772 | AG63: 1 | AH63: =VLOOKUP(AG63,WikiFormats!$A$3:$B$999,2,0) -> Story | AI63: https://en.wikipedia.org/wiki/The_Web_Planet
A64: 62 | B64: 1 | C64: =VLOOKUP(B64,Eras!$A$3:$B$999,2,0) -> Classic | D64: 1 | E64: =VLOOKUP(D64,EpisodeFormats!$A$3:$B$999,2,0) -> Series | F64: 1 | G64: =VLOOKUP(F64,Doctors!$A$3:$B$999,2,0) -> William Hartnell | H64: 2 | I64: 1 | J64: =VLOOKUP(I64,SeasonFormats!$A$3:$B$999,2,0) -> Season | K64: 13 | L64: 5 | M64: The Web Planet | N64: 5 | O64: Invasion | P64: 20 | Q64: 1965-03-13 | R64: 26 | T64: 104 | U64: {=_xlfn.TEXTJOIN(",",TRUE,_xlfn.XLOOKUP(_xlfn.FILTERXML("<t><s>" & SUBSTITUTE(T64,",","</s><s>") & "</s></t>", "//s"),Writers!$A$3:$A$999,Writers!$B$3:$B$999,""))} -> Bill Strutton | W64: =IF(V64="","",_xlfn.XLOOKUP(V64,Writers!$A$3:$A$999,Writers!$B$3:$B$999,"")) | X64: 12 | AA64: =IF(ISBLANK(X64),"",ROUND(X64*AE64,2)) -> 15.08 | AB64: =IF(ISBLANK(Y64),"",ROUND(Y64*AE64,2)) | AC64: =IF(ISBLANK(Z64),"",ROUND(Z64*AE64,2)) | AD64: =VLOOKUP(YEAR(Q64),Populations!$A$3:$B$999,2,0) -> 54349500 | AE64: =(Calculations!B1/AD64) -> 1.256772 | AG64: 1 | AH64: =VLOOKUP(AG64,WikiFormats!$A$3:$B$999,2,0) -> Story | AI64: https://en.wikipedia.org/wiki/The_Web_Planet
A65: 63 | B65: 1 | C65: =VLOOKUP(B65,Eras!$A$3:$B$999,2,0) -> Classic | D65: 1 | E65: =VLOOKUP(D65,EpisodeFormats!$A$3:$B$999,2,0) -> Series | F65: 1 | G65: =VLOOKUP(F65,Doctors!$A$3:$B$999,2,0) -> William Hartnell | H65: 2 | I65: 1 | J65: =VLOOKUP(I65,SeasonFormats!$A$3:$B$999,2,0) -> Season | K65: 13 | L65: 5 | M65: The Web Planet | N65: 6 | O65: The Centre | P65: 21 | Q65: 1965-03-20 | R65: 24 | T65: 104 | U65: {=_xlfn.TEXTJOIN(",",TRUE,_xlfn.XLOOKUP(_xlfn.FILTERXML("<t><s>" & SUBSTITUTE(T65,",","</s><s>") & "</s></t>", "//s"),Writers!$A$3:$A$999,Writers!$B$3:$B$999,""))} -> Bill Strutton | W65: =IF(V65="","",_xlfn.XLOOKUP(V65,Writers!$A$3:$A$999,Writers!$B$3:$B$999,"")) | X65: 11.5 | AA65: =IF(ISBLANK(X65),"",ROUND(X65*AE65,2)) -> 14.45 | AB65: =IF(ISBLANK(Y65),"",ROUND(Y65*AE65,2)) | AC65: =IF(ISBLANK(Z65),"",ROUND(Z65*AE65,2)) | AD65: =VLOOKUP(YEAR(Q65),Populations!$A$3:$B$999,2,0) -> 54349500 | AE65: =(Calculations!B1/AD65) -> 1.256772 | AG65: 1 | AH65: =VLOOKUP(AG65,WikiFormats!$A$3:$B$999,2,0) -> Story | AI65: https://en.wikipedia.org/wiki/The_Web_Planet
A66: 64 | B66: 1 | C66: =VLOOKUP(B66,Eras!$A$3:$B$999,2,0) -> Classic | D66: 1 | E66: =VLOOKUP(D66,EpisodeFormats!$A$3:$B$999,2,0) -> Series | F66: 1 | G66: =VLOOKUP(F66,Doctors!$A$3:$B$999,2,0) -> William Hartnell | H66: 2 | I66: 1 | J66: =VLOOKUP(I66,SeasonFormats!$A$3:$B$999,2,0) -> Season | K66: 14 | L66: 6 | M66: The Crusade | N66: 1 | O66: The Lion | P66: 22 | Q66: 1965-03-27 | R66: 25 | T66: 109 | U66: {=_xlfn.TEXTJOIN(",",TRUE,_xlfn.XLOOKUP(_xlfn.FILTERXML("<t><s>" & SUBSTITUTE(T66,",","</s><s>") & "</s></t>", "//s"),Writers!$A$3:$A$999,Writers!$B$3:$B$999,""))} -> David Whitaker | W66: =IF(V66="","",_xlfn.XLOOKUP(V66,Writers!$A$3:$A$999,Writers!$B$3:$B$999,"")) | X66: 10.5 | AA66: =IF(ISBLANK(X66),"",ROUND(X66*AE66,2)) -> 13.2 | AB66: =IF(ISBLANK(Y66),"",ROUND(Y66*AE66,2)) | AC66: =IF(ISBLANK(Z66),"",ROUND(Z66*AE66,2)) | AD66: =VLOOKUP(YEAR(Q66),Populations!$A$3:$B$999,2,0) -> 54349500 | AE66: =(Calculations!B1/AD66) -> 1.256772 | AG66: 1 | AH66: =VLOOKUP(AG66,WikiFormats!$A$3:$B$999,2,0) -> Story | AI66: https://en.wikipedia.org/wiki/The_Crusade_(Doctor_Who)
A67: 65 | B67: 1 | C67: =VLOOKUP(B67,Eras!$A$3:$B$999,2,0) -> Classic | D67: 1 | E67: =VLOOKUP(D67,EpisodeFormats!$A$3:$B$999,2,0) -> Series | F67: 1 | G67: =VLOOKUP(F67,Doctors!$A$3:$B$999,2,0) -> William Hartnell | H67: 2 | I67: 1 | J67: =VLOOKUP(I67,SeasonFormats!$A$3:$B$999,2,0) -> Season | K67: 14 | L67: 6 | M67: The Crusade | N67: 2 | O67: The Knight of Jaffa | P67: 23 | Q67: 1965-04-03 | R67: 25 | S67: 1 | T67: 109 | U67: {=_xlfn.TEXTJOIN(",",TRUE,_xlfn.XLOOKUP(_xlfn.FILTERXML("<t><s>" & SUBSTITUTE(T67,",","</s><s>") & "</s></t>", "//s"),Writers!$A$3:$A$999,Writers!$B$3:$B$999,""))} -> David Whitaker | W67: =IF(V67="","",_xlfn.XLOOKUP(V67,Writers!$A$3:$A$999,Writers!$B$3:$B$999,"")) | X67: 8.5 | AA67: =IF(ISBLANK(X67),"",ROUND(X67*AE67,2)) -> 10.68 | AB67: =IF(ISBLANK(Y67),"",ROUND(Y67*AE67,2)) | AC67: =IF(ISBLANK(Z67),"",ROUND(Z67*AE67,2)) | AD67: =VLOOKUP(YEAR(Q67),Populations!$A$3:$B$999,2,0) -> 54349500 | AE67: =(Calculations!B1/AD67) -> 1.256772 | AG67: 1 | AH67: =VLOOKUP(AG67,WikiFormats!$A$3:$B$999,2,0) -> Story | AI67: https://en.wikipedia.org/wiki/The_Crusade_(Doctor_Who)
A68: 66 | B68: 1 | C68: =VLOOKUP(B68,Eras!$A$3:$B$999,2,0) -> Classic | D68: 1 | E68: =VLOOKUP(D68,EpisodeFormats!$A$3:$B$999,2,0) -> Series | F68: 1 | G68: =VLOOKUP(F68,Doctors!$A$3:$B$999,2,0) -> William Hartnell | H68: 2 | I68: 1 | J68: =VLOOKUP(I68,SeasonFormats!$A$3:$B$999,2,0) -> Season | K68: 14 | L68: 6 | M68: The Crusade | N68: 3 | O68: The Wheel of Fortune | P68: 24 | Q68: 1965-04-10 | R68: 24 | T68: 109 | U68: {=_xlfn.TEXTJOIN(",",TRUE,_xlfn.XLOOKUP(_xlfn.FILTERXML("<t><s>" & SUBSTITUTE(T68,",","</s><s>") & "</s></t>", "//s"),Writers!$A$3:$A$999,Writers!$B$3:$B$999,""))} -> David Whitaker | W68: =IF(V68="","",_xlfn.XLOOKUP(V68,Writers!$A$3:$A$999,Writers!$B$3:$B$999,"")) | X68: 9 | AA68: =IF(ISBLANK(X68),"",ROUND(X68*AE68,2)) -> 11.31 | AB68: =IF(ISBLANK(Y68),"",ROUND(Y68*AE68,2)) | AC68: =IF(ISBLANK(Z68),"",ROUND(Z68*AE68,2)) | AD68: =VLOOKUP(YEAR(Q68),Populations!$A$3:$B$999,2,0) -> 54349500 | AE68: =(Calculations!B1/AD68) -> 1.256772 | AG68: 1 | AH68: =VLOOKUP(AG68,WikiFormats!$A$3:$B$999,2,0) -> Story | AI68: https://en.wikipedia.org/wiki/The_Crusade_(Doctor_Who)
A69: 67 | B69: 1 | C69: =VLOOKUP(B69,Eras!$A$3:$B$999,2,0) -> Classic | D69: 1 | E69: =VLOOKUP(D69,EpisodeFormats!$A$3:$B$999,2,0) -> Series | F69: 1 | G69: =VLOOKUP(F69,Doctors!$A$3:$B$999,2,0) -> William Hartnell | H69: 2 | I69: 1 | J69: =VLOOKUP(I69,SeasonFormats!$A$3:$B$999,2,0) -> Season | K69: 14 | L69: 6 | M69: The Crusade | N69: 4 | O69: The Warlords | P69: 25 | Q69: 1965-04-17 | R69: 22 | S69: 1 | T69: 109 | U69: {=_xlfn.TEXTJOIN(",",TRUE,_xlfn.XLOOKUP(_xlfn.FILTERXML("<t><s>" & SUBSTITUTE(T69,",","</s><s>") & "</s></t>", "//s"),Writers!$A$3:$A$999,Writers!$B$3:$B$999,""))} -> David Whitaker | W69: =IF(V69="","",_xlfn.XLOOKUP(V69,Writers!$A$3:$A$999,Writers!$B$3:$B$999,"")) | X69: 9.5 | AA69: =IF(ISBLANK(X69),"",ROUND(X69*AE69,2)) -> 11.94 | AB69: =IF(ISBLANK(Y69),"",ROUND(Y69*AE69,2)) | AC69: =IF(ISBLANK(Z69),"",ROUND(Z69*AE69,2)) | AD69: =VLOOKUP(YEAR(Q69),Populations!$A$3:$B$999,2,0) -> 54349500 | AE69: =(Calculations!B1/AD69) -> 1.256772 | AG69: 1 | AH69: =VLOOKUP(AG69,WikiFormats!$A$3:$B$999,2,0) -> Story | AI69: https://en.wikipedia.org/wiki/The_Crusade_(Doctor_Who)
A70: 68 | B70: 1 | C70: =VLOOKUP(B70,Eras!$A$3:$B$999,2,0) -> Classic | D70: 1 | E70: =VLOOKUP(D70,EpisodeFormats!$A$3:$B$999,2,0) -> Series | F70: 1 | G70: =VLOOKUP(F70,Doctors!$A$3:$B$999,2,0) -> William Hartnell | H70: 2 | I70: 1 | J70: =VLOOKUP(I70,SeasonFormats!$A$3:$B$999,2,0) -> Season | K70: 15 | L70: 7 | M70: The Space Museum | N70: 1 | O70: The Space Museum | P70: 26 | Q70: 1965-04-24 | R70: 24 | T70: 60 | U70: {=_xlfn.TEXTJOIN(",",TRUE,_xlfn.XLOOKUP(_xlfn.FILTERXML("<t><s>" & SUBSTITUTE(T70,",","</s><s>") & "</s></t>", "//s"),Writers!$A$3:$A$999,Writers!$B$3:$B$999,""))} -> Glyn Jones | W70: =IF(V70="","",_xlfn.XLOOKUP(V70,Writers!$A$3:$A$999,Writers!$B$3:$B$999,"")) | X70: 10.5 | AA70: =IF(ISBLANK(X70),"",ROUND(X70*AE70,2)) -> 13.2 | AB70: =IF(ISBLANK(Y70),"",ROUND(Y70*AE70,2)) | AC70: =IF(ISBLANK(Z70),"",ROUND(Z70*AE70,2)) | AD70: =VLOOKUP(YEAR(Q70),Populations!$A$3:$B$999,2,0) -> 54349500 | AE70: =(Calculations!B1/AD70) -> 1.256772 | AG70: 1 | AH70: =VLOOKUP(AG70,WikiFormats!$A$3:$B$999,2,0) -> Story | AI70: https://en.wikipedia.org/wiki/The_Space_Museum
A71: 69 | B71: 1 | C71: =VLOOKUP(B71,Eras!$A$3:$B$999,2,0) -> Classic | D71: 1 | E71: =VLOOKUP(D71,EpisodeFormats!$A$3:$B$999,2,0) -> Series | F71: 1 | G71: =VLOOKUP(F71,Doctors!$A$3:$B$999,2,0) -> William Hartnell | H71: 2 | I71: 1 | J71: =VLOOKUP(I71,SeasonFormats!$A$3:$B$999,2,0) -> Season | K71: 15 | L71: 7 | M71: The Space Museum | N71: 2 | O71: The Dimensions of Time | P71: 27 | Q71: 1965-05-01 | R71: 22 | T71: 60 | U71: {=_xlfn.TEXTJOIN(",",TRUE,_xlfn.XLOOKUP(_xlfn.FILTERXML("<t><s>" & SUBSTITUTE(T71,",","</s><s>") & "</s></t>", "//s"),Writers!$A$3:$A$999,Writers!$B$3:$B$999,""))} -> Glyn Jones | W71: =IF(V71="","",_xlfn.XLOOKUP(V71,Writers!$A$3:$A$999,Writers!$B$3:$B$999,"")) | X71: 9.2 | AA71: =IF(ISBLANK(X71),"",ROUND(X71*AE71,2)) -> 11.56 | AB71: =IF(ISBLANK(Y71),"",ROUND(Y71*AE71,2)) | AC71: =IF(ISBLANK(Z71),"",ROUND(Z71*AE71,2)) | AD71: =VLOOKUP(YEAR(Q71),Populations!$A$3:$B$999,2,0) -> 54349500 | AE71: =(Calculations!B1/AD71) -> 1.256772 | AG71: 1 | AH71: =VLOOKUP(AG71,WikiFormats!$A$3:$B$999,2,0) -> Story | AI71: https://en.wikipedia.org/wiki/The_Space_Museum
A72: 70 | B72: 1 | C72: =VLOOKUP(B72,Eras!$A$3:$B$999,2,0) -> Classic | D72: 1 | E72: =VLOOKUP(D72,EpisodeFormats!$A$3:$B$999,2,0) -> Series | F72: 1 | G72: =VLOOKUP(F72,Doctors!$A$3:$B$999,2,0) -> William Hartnell | H72: 2 | I72: 1 | J72: =VLOOKUP(I72,SeasonFormats!$A$3:$B$999,2,0) -> Season | K72: 15 | L72: 7 | M72: The Space Museum | N72: 3 | O72: The Search | P72: 28 | Q72: 1965-05-08 | R72: 24 | T72: 60 | U72: {=_xlfn.TEXTJOIN(",",TRUE,_xlfn.XLOOKUP(_xlfn.FILTERXML("<t><s>" & SUBSTITUTE(T72,",","</s><s>") & "</s></t>", "//s"),Writers!$A$3:$A$999,Writers!$B$3:$B$999,""))} -> Glyn Jones | W72: =IF(V72="","",_xlfn.XLOOKUP(V72,Writers!$A$3:$A$999,Writers!$B$3:$B$999,"")) | X72: 8.5 | AA72: =IF(ISBLANK(X72),"",ROUND(X72*AE72,2)) -> 10.68 | AB72: =IF(ISBLANK(Y72),"",ROUND(Y72*AE72,2)) | AC72: =IF(ISBLANK(Z72),"",ROUND(Z72*AE72,2)) | AD72: =VLOOKUP(YEAR(Q72),Populations!$A$3:$B$999,2,0) -> 54349500 | AE72: =(Calculations!B1/AD72) -> 1.256772 | AG72: 1 | AH72: =VLOOKUP(AG72,WikiFormats!$A$3:$B$999,2,0) -> Story | AI72: https://en.wikipedia.org/wiki/The_Space_Museum
A73: 71 | B73: 1 | C73: =VLOOKUP(B73,Eras!$A$3:$B$999,2,0) -> Classic | D73: 1 | E73: =VLOOKUP(D73,EpisodeFormats!$A$3:$B$999,2,0) -> Series | F73: 1 | G73: =VLOOKUP(F73,Doctors!$A$3:$B$999,2,0) -> William Hartnell | H73: 2 | I73: 1 | J73: =VLOOKUP(I73,SeasonFormats!$A$3:$B$999,2,0) -> Season | K73: 15 | L73: 7 | M73: The Space Museum | N73: 4 | O73: The Final Phase | P73: 29 | Q73: 1965-05-15 | R73: 22 | T73: 60 | U73: {=_xlfn.TEXTJOIN(",",TRUE,_xlfn.XLOOKUP(_xlfn.FILTERXML("<t><s>" & SUBSTITUTE(T73,",","</s><s>") & "</s></t>", "//s"),Writers!$A$3:$A$999,Writers!$B$3:$B$999,""))} -> Glyn Jones | W73: =IF(V73="","",_xlfn.XLOOKUP(V73,Writers!$A$3:$A$999,Writers!$B$3:$B$999,"")) | X73: 8.5 | AA73: =IF(ISBLANK(X73),"",ROUND(X73*AE73,2)) -> 10.68 | AB73: =IF(ISBLANK(Y73),"",ROUND(Y73*AE73,2)) | AC73: =IF(ISBLANK(Z73),"",ROUND(Z73*AE73,2)) | AD73: =VLOOKUP(YEAR(Q73),Populations!$A$3:$B$999,2,0) -> 54349500 | AE73: =(Calculations!B1/AD73) -> 1.256772 | AG73: 1 | AH73: =VLOOKUP(AG73,WikiFormats!$A$3:$B$999,2,0) -> Story | AI73: https://en.wikipedia.org/wiki/The_Space_Museum
A74: 72 | B74: 1 | C74: =VLOOKUP(B74,Eras!$A$3:$B$999,2,0) -> Classic | D74: 1 | E74: =VLOOKUP(D74,EpisodeFormats!$A$3:$B$999,2,0) -> Series | F74: 1 | G74: =VLOOKUP(F74,Doctors!$A$3:$B$999,2,0) -> William Hartnell | H74: 2 | I74: 1 | J74: =VLOOKUP(I74,SeasonFormats!$A$3:$B$999,2,0) -> Season | K74: 16 | L74: 8 | M74: The Chase | N74: 1 | O74: The Executioners | P74: 30 | Q74: 1965-05-22 | R74: 24 | T74: 81 | U74: {=_xlfn.TEXTJOIN(",",TRUE,_xlfn.XLOOKUP(_xlfn.FILTERXML("<t><s>" & SUBSTITUTE(T74,",","</s><s>") & "</s></t>", "//s"),Writers!$A$3:$A$999,Writers!$B$3:$B$999,""))} -> Terry Nation | W74: =IF(V74="","",_xlfn.XLOOKUP(V74,Writers!$A$3:$A$999,Writers!$B$3:$B$999,"")) | X74: 10 | AA74: =IF(ISBLANK(X74),"",ROUND(X74*AE74,2)) -> 12.57 | AB74: =IF(ISBLANK(Y74),"",ROUND(Y74*AE74,2)) | AC74: =IF(ISBLANK(Z74),"",ROUND(Z74*AE74,2)) | AD74: =VLOOKUP(YEAR(Q74),Populations!$A$3:$B$999,2,0) -> 54349500 | AE74: =(Calculations!B1/AD74) -> 1.256772 | AG74: 1 | AH74: =VLOOKUP(AG74,WikiFormats!$A$3:$B$999,2,0) -> Story | AI74: https://en.wikipedia.org/wiki/The_Chase_(Doctor_Who)
A75: 73 | B75: 1 | C75: =VLOOKUP(B75,Eras!$A$3:$B$999,2,0) -> Classic | D75: 1 | E75: =VLOOKUP(D75,EpisodeFormats!$A$3:$B$999,2,0) -> Series | F75: 1 | G75: =VLOOKUP(F75,Doctors!$A$3:$B$999,2,0) -> William Hartnell | H75: 2 | I75: 1 | J75: =VLOOKUP(I75,SeasonFormats!$A$3:$B$999,2,0) -> Season | K75: 16 | L75: 8 | M75: The Chase | N75: 2 | O75: The Death of Time | P75: 31 | Q75: 1965-05-29 | R75: 24 | T75: 81 | U75: {=_xlfn.TEXTJOIN(",",TRUE,_xlfn.XLOOKUP(_xlfn.FILTERXML("<t><s>" & SUBSTITUTE(T75,",","</s><s>") & "</s></t>", "//s"),Writers!$A$3:$A$999,Writers!$B$3:$B$999,""))} -> Terry Nation | W75: =IF(V75="","",_xlfn.XLOOKUP(V75,Writers!$A$3:$A$999,Writers!$B$3:$B$999,"")) | X75: 9.5 | AA75: =IF(ISBLANK(X75),"",ROUND(X75*AE75,2)) -> 11.94 | AB75: =IF(ISBLANK(Y75),"",ROUND(Y75*AE75,2)) | AC75: =IF(ISBLANK(Z75),"",ROUND(Z75*AE75,2)) | AD75: =VLOOKUP(YEAR(Q75),Populations!$A$3:$B$999,2,0) -> 54349500 | AE75: =(Calculations!B1/AD75) -> 1.256772 | AG75: 1 | AH75: =VLOOKUP(AG75,WikiFormats!$A$3:$B$999,2,0) -> Story | AI75: https://en.wikipedia.org/wiki/The_Chase_(Doctor_Who)
A76: 74 | B76: 1 | C76: =VLOOKUP(B76,Eras!$A$3:$B$999,2,0) -> Classic | D76: 1 | E76: =VLOOKUP(D76,EpisodeFormats!$A$3:$B$999,2,0) -> Series | F76: 1 | G76: =VLOOKUP(F76,Doctors!$A$3:$B$999,2,0) -> William Hartnell | H76: 2 | I76: 1 | J76: =VLOOKUP(I76,SeasonFormats!$A$3:$B$999,2,0) -> Season | K76: 16 | L76: 8 | M76: The Chase | N76: 3 | O76: Flight Through Eternity | P76: 32 | Q76: 1965-06-05 | R76: 25 | T76: 81 | U76: {=_xlfn.TEXTJOIN(",",TRUE,_xlfn.XLOOKUP(_xlfn.FILTERXML("<t><s>" & SUBSTITUTE(T76,",","</s><s>") & "</s></t>", "//s"),Writers!$A$3:$A$999,Writers!$B$3:$B$999,""))} -> Terry Nation | W76: =IF(V76="","",_xlfn.XLOOKUP(V76,Writers!$A$3:$A$999,Writers!$B$3:$B$999,"")) | X76: 9 | AA76: =IF(ISBLANK(X76),"",ROUND(X76*AE76,2)) -> 11.31 | AB76: =IF(ISBLANK(Y76),"",ROUND(Y76*AE76,2)) | AC76: =IF(ISBLANK(Z76),"",ROUND(Z76*AE76,2)) | AD76: =VLOOKUP(YEAR(Q76),Populations!$A$3:$B$999,2,0) -> 54349500 | AE76: =(Calculations!B1/AD76) -> 1.256772 | AG76: 1 | AH76: =VLOOKUP(AG76,WikiFormats!$A$3:$B$999,2,0) -> Story | AI76: https://en.wikipedia.org/wiki/The_Chase_(Doctor_Who)
A77: 75 | B77: 1 | C77: =VLOOKUP(B77,Eras!$A$3:$B$999,2,0) -> Classic | D77: 1 | E77: =VLOOKUP(D77,EpisodeFormats!$A$3:$B$999,2,0) -> Series | F77: 1 | G77: =VLOOKUP(F77,Doctors!$A$3:$B$999,2,0) -> William Hartnell | H77: 2 | I77: 1 | J77: =VLOOKUP(I77,SeasonFormats!$A$3:$B$999,2,0) -> Season | K77: 16 | L77: 8 | M77: The Chase | N77: 4 | O77: Journey into Terror | P77: 33 | Q77: 1965-06-12 | R77: 24 | T77: 81 | U77: {=_xlfn.TEXTJOIN(",",TRUE,_xlfn.XLOOKUP(_xlfn.FILTERXML("<t><s>" & SUBSTITUTE(T77,",","</s><s>") & "</s></t>", "//s"),Writers!$A$3:$A$999,Writers!$B$3:$B$999,""))} -> Terry Nation | W77: =IF(V77="","",_xlfn.XLOOKUP(V77,Writers!$A$3:$A$999,Writers!$B$3:$B$999,"")) | X77: 9.5 | AA77: =IF(ISBLANK(X77),"",ROUND(X77*AE77,2)) -> 11.94 | AB77: =IF(ISBLANK(Y77),"",ROUND(Y77*AE77,2)) | AC77: =IF(ISBLANK(Z77),"",ROUND(Z77*AE77,2)) | AD77: =VLOOKUP(YEAR(Q77),Populations!$A$3:$B$999,2,0) -> 54349500 | AE77: =(Calculations!B1/AD77) -> 1.256772 | AG77: 1 | AH77: =VLOOKUP(AG77,WikiFormats!$A$3:$B$999,2,0) -> Story | AI77: https://en.wikipedia.org/wiki/The_Chase_(Doctor_Who)
A78: 76 | B78: 1 | C78: =VLOOKUP(B78,Eras!$A$3:$B$999,2,0) -> Classic | D78: 1 | E78: =VLOOKUP(D78,EpisodeFormats!$A$3:$B$999,2,0) -> Series | F78: 1 | G78: =VLOOKUP(F78,Doctors!$A$3:$B$999,2,0) -> William Hartnell | H78: 2 | I78: 1 | J78: =VLOOKUP(I78,SeasonFormats!$A$3:$B$999,2,0) -> Season | K78: 16 | L78: 8 | M78: The Chase | N78: 5 | O78: The Death of Doctor Who | P78: 34 | Q78: 1965-06-19 | R78: 23 | T78: 81 | U78: {=_xlfn.TEXTJOIN(",",TRUE,_xlfn.XLOOKUP(_xlfn.FILTERXML("<t><s>" & SUBSTITUTE(T78,",","</s><s>") & "</s></t>", "//s"),Writers!$A$3:$A$999,Writers!$B$3:$B$999,""))} -> Terry Nation | W78: =IF(V78="","",_xlfn.XLOOKUP(V78,Writers!$A$3:$A$999,Writers!$B$3:$B$999,"")) | X78: 9 | AA78: =IF(ISBLANK(X78),"",ROUND(X78*AE78,2)) -> 11.31 | AB78: =IF(ISBLANK(Y78),"",ROUND(Y78*AE78,2)) | AC78: =IF(ISBLANK(Z78),"",ROUND(Z78*AE78,2)) | AD78: =VLOOKUP(YEAR(Q78),Populations!$A$3:$B$999,2,0) -> 54349500 | AE78: =(Calculations!B1/AD78) -> 1.256772 | AG78: 1 | AH78: =VLOOKUP(AG78,WikiFormats!$A$3:$B$999,2,0) -> Story | AI78: https://en.wikipedia.org/wiki/The_Chase_(Doctor_Who)
A79: 77 | B79: 1 | C79: =VLOOKUP(B79,Eras!$A$3:$B$999,2,0) -> Classic | D79: 1 | E79: =VLOOKUP(D79,EpisodeFormats!$A$3:$B$999,2,0) -> Series | F79: 1 | G79: =VLOOKUP(F79,Doctors!$A$3:$B$999,2,0) -> William Hartnell | H79: 2 | I79: 1 | J79: =VLOOKUP(I79,SeasonFormats!$A$3:$B$999,2,0) -> Season | K79: 16 | L79: 8 | M79: The Chase | N79: 6 | O79: The Planet of Decision | P79: 35 | Q79: 1965-06-26 | R79: 26 | T79: 81 | U79: {=_xlfn.TEXTJOIN(",",TRUE,_xlfn.XLOOKUP(_xlfn.FILTERXML("<t><s>" & SUBSTITUTE(T79,",","</s><s>") & "</s></t>", "//s"),Writers!$A$3:$A$999,Writers!$B$3:$B$999,""))} -> Terry Nation | W79: =IF(V79="","",_xlfn.XLOOKUP(V79,Writers!$A$3:$A$999,Writers!$B$3:$B$999,"")) | X79: 9.5 | AA79: =IF(ISBLANK(X79),"",ROUND(X79*AE79,2)) -> 11.94 | AB79: =IF(ISBLANK(Y79),"",ROUND(Y79*AE79,2)) | AC79: =IF(ISBLANK(Z79),"",ROUND(Z79*AE79,2)) | AD79: =VLOOKUP(YEAR(Q79),Populations!$A$3:$B$999,2,0) -> 54349500 | AE79: =(Calculations!B1/AD79) -> 1.256772 | AG79: 1 | AH79: =VLOOKUP(AG79,WikiFormats!$A$3:$B$999,2,0) -> Story | AI79: https://en.wikipedia.org/wiki/The_Chase_(Doctor_Who)
A80: 78 | B80: 1 | C80: =VLOOKUP(B80,Eras!$A$3:$B$999,2,0) -> Classic | D80: 1 | E80: =VLOOKUP(D80,EpisodeFormats!$A$3:$B$999,2,0) -> Series | F80: 1 | G80: =VLOOKUP(F80,Doctors!$A$3:$B$999,2,0) -> William Hartnell | H80: 2 | I80: 1 | J80: =VLOOKUP(I80,SeasonFormats!$A$3:$B$999,2,0) -> Season | K80: 17 | L80: 9 | M80: The Time Meddler | N80: 1 | O80: The Watcher | P80: 36 | Q80: 1965-07-03 | R80: 24 | T80: 101 | U80: {=_xlfn.TEXTJOIN(",",TRUE,_xlfn.XLOOKUP(_xlfn.FILTERXML("<t><s>" & SUBSTITUTE(T80,",","</s><s>") & "</s></t>", "//s"),Writers!$A$3:$A$999,Writers!$B$3:$B$999,""))} -> Dennis Spooner | W80: =IF(V80="","",_xlfn.XLOOKUP(V80,Writers!$A$3:$A$999,Writers!$B$3:$B$999,"")) | X80: 8.9 | AA80: =IF(ISBLANK(X80),"",ROUND(X80*AE80,2)) -> 11.19 | AB80: =IF(ISBLANK(Y80),"",ROUND(Y80*AE80,2)) | AC80: =IF(ISBLANK(Z80),"",ROUND(Z80*AE80,2)) | AD80: =VLOOKUP(YEAR(Q80),Populations!$A$3:$B$999,2,0) -> 54349500 | AE80: =(Calculations!B1/AD80) -> 1.256772 | AG80: 1 | AH80: =VLOOKUP(AG80,WikiFormats!$A$3:$B$999,2,0) -> Story | AI80: https://en.wikipedia.org/wiki/The_Time_Meddler
A81: 79 | B81: 1 | C81: =VLOOKUP(B81,Eras!$A$3:$B$999,2,0) -> Classic | D81: 1 | E81: =VLOOKUP(D81,EpisodeFormats!$A$3:$B$999,2,0) -> Series | F81: 1 | G81: =VLOOKUP(F81,Doctors!$A$3:$B$999,2,0) -> William Hartnell | H81: 2 | I81: 1 | J81: =VLOOKUP(I81,SeasonFormats!$A$3:$B$999,2,0) -> Season | K81: 17 | L81: 9 | M81: The Time Meddler | N81: 2 | O81: The Meddling Monk | P81: 37 | Q81: 1965-07-10 | R81: 25 | T81: 101 | U81: {=_xlfn.TEXTJOIN(",",TRUE,_xlfn.XLOOKUP(_xlfn.FILTERXML("<t><s>" & SUBSTITUTE(T81,",","</s><s>") & "</s></t>", "//s"),Writers!$A$3:$A$999,Writers!$B$3:$B$999,""))} -> Dennis Spooner | W81: =IF(V81="","",_xlfn.XLOOKUP(V81,Writers!$A$3:$A$999,Writers!$B$3:$B$999,"")) | X81: 8.8 | AA81: =IF(ISBLANK(X81),"",ROUND(X81*AE81,2)) -> 11.06 | AB81: =IF(ISBLANK(Y81),"",ROUND(Y81*AE81,2)) | AC81: =IF(ISBLANK(Z81),"",ROUND(Z81*AE81,2)) | AD81: =VLOOKUP(YEAR(Q81),Populations!$A$3:$B$999,2,0) -> 54349500 | AE81: =(Calculations!B1/AD81) -> 1.256772 | AG81: 1 | AH81: =VLOOKUP(AG81,WikiFormats!$A$3:$B$999,2,0) -> Story | AI81: https://en.wikipedia.org/wiki/The_Time_Meddler
A82: 80 | B82: 1 | C82: =VLOOKUP(B82,Eras!$A$3:$B$999,2,0) -> Classic | D82: 1 | E82: =VLOOKUP(D82,EpisodeFormats!$A$3:$B$999,2,0) -> Series | F82: 1 | G82: =VLOOKUP(F82,Doctors!$A$3:$B$999,2,0) -> William Hartnell | H82: 2 | I82: 1 | J82: =VLOOKUP(I82,SeasonFormats!$A$3:$B$999,2,0) -> Season | K82: 17 | L82: 9 | M82: The Time Meddler | N82: 3 | O82: A Battle of Wits | P82: 38 | Q82: 1965-07-17 | R82: 24 | T82: 101 | U82: {=_xlfn.TEXTJOIN(",",TRUE,_xlfn.XLOOKUP(_xlfn.FILTERXML("<t><s>" & SUBSTITUTE(T82,",","</s><s>") & "</s></t>", "//s"),Writers!$A$3:$A$999,Writers!$B$3:$B$999,""))} -> Dennis Spooner | W82: =IF(V82="","",_xlfn.XLOOKUP(V82,Writers!$A$3:$A$999,Writers!$B$3:$B$999,"")) | X82: 7.7 | AA82: =IF(ISBLANK(X82),"",ROUND(X82*AE82,2)) -> 9.68 | AB82: =IF(ISBLANK(Y82),"",ROUND(Y82*AE82,2)) | AC82: =IF(ISBLANK(Z82),"",ROUND(Z82*AE82,2)) | AD82: =VLOOKUP(YEAR(Q82),Populations!$A$3:$B$999,2,0) -> 54349500 | AE82: =(Calculations!B1/AD82) -> 1.256772 | AG82: 1 | AH82: =VLOOKUP(AG82,WikiFormats!$A$3:$B$999,2,0) -> Story | AI82: https://en.wikipedia.org/wiki/The_Time_Meddler
A83: 81 | B83: 1 | C83: =VLOOKUP(B83,Eras!$A$3:$B$999,2,0) -> Classic | D83: 1 | E83: =VLOOKUP(D83,EpisodeFormats!$A$3:$B$999,2,0) -> Series | F83: 1 | G83: =VLOOKUP(F83,Doctors!$A$3:$B$999,2,0) -> William Hartnell | H83: 2 | I83: 1 | J83: =VLOOKUP(I83,SeasonFormats!$A$3:$B$999,2,0) -> Season | K83: 17 | L83: 9 | M83: The Time Meddler | N83: 4 | O83: Checkmate | P83: 39 | Q83: 1965-07-24 | R83: 24 | T83: 101 | U83: {=_xlfn.TEXTJOIN(",",TRUE,_xlfn.XLOOKUP(_xlfn.FILTERXML("<t><s>" & SUBSTITUTE(T83,",","</s><s>") & "</s></t>", "//s"),Writers!$A$3:$A$999,Writers!$B$3:$B$999,""))} -> Dennis Spooner | W83: =IF(V83="","",_xlfn.XLOOKUP(V83,Writers!$A$3:$A$999,Writers!$B$3:$B$999,"")) | X83: 8.3 | AA83: =IF(ISBLANK(X83),"",ROUND(X83*AE83,2)) -> 10.43 | AB83: =IF(ISBLANK(Y83),"",ROUND(Y83*AE83,2)) | AC83: =IF(ISBLANK(Z83),"",ROUND(Z83*AE83,2)) | AD83: =VLOOKUP(YEAR(Q83),Populations!$A$3:$B$999,2,0) -> 54349500 | AE83: =(Calculations!B1/AD83) -> 1.256772 | AG83: 1 | AH83: =VLOOKUP(AG83,WikiFormats!$A$3:$B$999,2,0) -> Story | AI83: https://en.wikipedia.org/wiki/The_Time_Meddler
A84: 82 | B84: 1 | C84: =VLOOKUP(B84,Eras!$A$3:$B$999,2,0) -> Classic | D84: 1 | E84: =VLOOKUP(D84,EpisodeFormats!$A$3:$B$999,2,0) -> Series | F84: 1 | G84: =VLOOKUP(F84,Doctors!$A$3:$B$999,2,0) -> William Hartnell | H84: 3 | I84: 1 | J84: =VLOOKUP(I84,SeasonFormats!$A$3:$B$999,2,0) -> Season | K84: 18 | L84: 1 | M84: Galaxy 4 | N84: 1 | O84: Four Hundred Dawns | P84: 1 | Q84: 1965-09-11 | R84: 23 | S84: 1 | T84: 36 | U84: {=_xlfn.TEXTJOIN(",",TRUE,_xlfn.XLOOKUP(_xlfn.FILTERXML("<t><s>" & SUBSTITUTE(T84,",","</s><s>") & "</s></t>", "//s"),Writers!$A$3:$A$999,Writers!$B$3:$B$999,""))} -> William Emms | W84: =IF(V84="","",_xlfn.XLOOKUP(V84,Writers!$A$3:$A$999,Writers!$B$3:$B$999,"")) | X84: 9 | AA84: =IF(ISBLANK(X84),"",ROUND(X84*AE84,2)) -> 11.31 | AB84: =IF(ISBLANK(Y84),"",ROUND(Y84*AE84,2)) | AC84: =IF(ISBLANK(Z84),"",ROUND(Z84*AE84,2)) | AD84: =VLOOKUP(YEAR(Q84),Populations!$A$3:$B$999,2,0) -> 54349500 | AE84: =(Calculations!B1/AD84) -> 1.256772 | AG84: 1 | AH84: =VLOOKUP(AG84,WikiFormats!$A$3:$B$999,2,0) -> Story | AI84: https://en.wikipedia.org/wiki/Galaxy_4
A85: 83 | B85: 1 | C85: =VLOOKUP(B85,Eras!$A$3:$B$999,2,0) -> Classic | D85: 1 | E85: =VLOOKUP(D85,EpisodeFormats!$A$3:$B$999,2,0) -> Series | F85: 1 | G85: =VLOOKUP(F85,Doctors!$A$3:$B$999,2,0) -> William Hartnell | H85: 3 | I85: 1 | J85: =VLOOKUP(I85,SeasonFormats!$A$3:$B$999,2,0) -> Season | K85: 18 | L85: 1 | M85: Galaxy 4 | N85: 2 | O85: Trap of Steel | P85: 2 | Q85: 1965-09-18 | R85: 26 | S85: 1 | T85: 36 | U85: {=_xlfn.TEXTJOIN(",",TRUE,_xlfn.XLOOKUP(_xlfn.FILTERXML("<t><s>" & SUBSTITUTE(T85,",","</s><s>") & "</s></t>", "//s"),Writers!$A$3:$A$999,Writers!$B$3:$B$999,""))} -> William Emms | W85: =IF(V85="","",_xlfn.XLOOKUP(V85,Writers!$A$3:$A$999,Writers!$B$3:$B$999,"")) | X85: 9.5 | AA85: =IF(ISBLANK(X85),"",ROUND(X85*AE85,2)) -> 11.94 | AB85: =IF(ISBLANK(Y85),"",ROUND(Y85*AE85,2)) | AC85: =IF(ISBLANK(Z85),"",ROUND(Z85*AE85,2)) | AD85: =VLOOKUP(YEAR(Q85),Populations!$A$3:$B$999,2,0) -> 54349500 | AE85: =(Calculations!B1/AD85) -> 1.256772 | AG85: 1 | AH85: =VLOOKUP(AG85,WikiFormats!$A$3:$B$999,2,0) -> Story | AI85: https://en.wikipedia.org/wiki/Galaxy_4
A86: 84 | B86: 1 | C86: =VLOOKUP(B86,Eras!$A$3:$B$999,2,0) -> Classic | D86: 1 | E86: =VLOOKUP(D86,EpisodeFormats!$A$3:$B$999,2,0) -> Series | F86: 1 | G86: =VLOOKUP(F86,Doctors!$A$3:$B$999,2,0) -> William Hartnell | H86: 3 | I86: 1 | J86: =VLOOKUP(I86,SeasonFormats!$A$3:$B$999,2,0) -> Season | K86: 18 | L86: 1 | M86: Galaxy 4 | N86: 3 | O86: Air Lock | P86: 3 | Q86: 1965-09-25 | R86: 25 | T86: 36 | U86: {=_xlfn.TEXTJOIN(",",TRUE,_xlfn.XLOOKUP(_xlfn.FILTERXML("<t><s>" & SUBSTITUTE(T86,",","</s><s>") & "</s></t>", "//s"),Writers!$A$3:$A$999,Writers!$B$3:$B$999,""))} -> William Emms | W86: =IF(V86="","",_xlfn.XLOOKUP(V86,Writers!$A$3:$A$999,Writers!$B$3:$B$999,"")) | X86: 11.3 | AA86: =IF(ISBLANK(X86),"",ROUND(X86*AE86,2)) -> 14.2 | AB86: =IF(ISBLANK(Y86),"",ROUND(Y86*AE86,2)) | AC86: =IF(ISBLANK(Z86),"",ROUND(Z86*AE86,2)) | AD86: =VLOOKUP(YEAR(Q86),Populations!$A$3:$B$999,2,0) -> 54349500 | AE86: =(Calculations!B1/AD86) -> 1.256772 | AG86: 1 | AH86: =VLOOKUP(AG86,WikiFormats!$A$3:$B$999,2,0) -> Story | AI86: https://en.wikipedia.org/wiki/Galaxy_4
A87: 85 | B87: 1 | C87: =VLOOKUP(B87,Eras!$A$3:$B$999,2,0) -> Classic | D87: 1 | E87: =VLOOKUP(D87,EpisodeFormats!$A$3:$B$999,2,0) -> Series | F87: 1 | G87: =VLOOKUP(F87,Doctors!$A$3:$B$999,2,0) -> William Hartnell | H87: 3 | I87: 1 | J87: =VLOOKUP(I87,SeasonFormats!$A$3:$B$999,2,0) -> Season | K87: 18 | L87: 1 | M87: Galaxy 4 | N87: 4 | O87: The Exploding Planet | P87: 4 | Q87: 1965-10-02 | R87: 26 | S87: 1 | T87: 36 | U87: {=_xlfn.TEXTJOIN(",",TRUE,_xlfn.XLOOKUP(_xlfn.FILTERXML("<t><s>" & SUBSTITUTE(T87,",","</s><s>") & "</s></t>", "//s"),Writers!$A$3:$A$999,Writers!$B$3:$B$999,""))} -> William Emms | W87: =IF(V87="","",_xlfn.XLOOKUP(V87,Writers!$A$3:$A$999,Writers!$B$3:$B$999,"")) | X87: 9.9 | AA87: =IF(ISBLANK(X87),"",ROUND(X87*AE87,2)) -> 12.44 | AB87: =IF(ISBLANK(Y87),"",ROUND(Y87*AE87,2)) | AC87: =IF(ISBLANK(Z87),"",ROUND(Z87*AE87,2)) | AD87: =VLOOKUP(YEAR(Q87),Populations!$A$3:$B$999,2,0) -> 54349500 | AE87: =(Calculations!B1/AD87) -> 1.256772 | AG87: 1 | AH87: =VLOOKUP(AG87,WikiFormats!$A$3:$B$999,2,0) -> Story | AI87: https://en.wikipedia.org/wiki/Galaxy_4
A88: 86 | B88: 1 | C88: =VLOOKUP(B88,Eras!$A$3:$B$999,2,0) -> Classic | D88: 1 | E88: =VLOOKUP(D88,EpisodeFormats!$A$3:$B$999,2,0) -> Series | F88: 1 | G88: =VLOOKUP(F88,Doctors!$A$3:$B$999,2,0) -> William Hartnell | H88: 3 | I88: 1 | J88: =VLOOKUP(I88,SeasonFormats!$A$3:$B$999,2,0) -> Season | K88: 19 | L88: 2 | M88: Mission to the Unknown | N88: 1 | P88: 5 | Q88: 1965-10-09 | R88: -25 | S88: 1 | T88: 81 | U88: {=_xlfn.TEXTJOIN(",",TRUE,_xlfn.XLOOKUP(_xlfn.FILTERXML("<t><s>" & SUBSTITUTE(T88,",","</s><s>") & "</s></t>", "//s"),Writers!$A$3:$A$999,Writers!$B$3:$B$999,""))} -> Terry Nation | W88: =IF(V88="","",_xlfn.XLOOKUP(V88,Writers!$A$3:$A$999,Writers!$B$3:$B$999,"")) | X88: 8.3 | AA88: =IF(ISBLANK(X88),"",ROUND(X88*AE88,2)) -> 10.43 | AB88: =IF(ISBLANK(Y88),"",ROUND(Y88*AE88,2)) | AC88: =IF(ISBLANK(Z88),"",ROUND(Z88*AE88,2)) | AD88: =VLOOKUP(YEAR(Q88),Populations!$A$3:$B$999,2,0) -> 54349500 | AE88: =(Calculations!B1/AD88) -> 1.256772 | AG88: 2 | AH88: =VLOOKUP(AG88,WikiFormats!$A$3:$B$999,2,0) -> Episode | AI88: https://en.wikipedia.org/wiki/Mission_to_the_Unknown
A89: 87 | B89: 1 | C89: =VLOOKUP(B89,Eras!$A$3:$B$999,2,0) -> Classic | D89: 1 | E89: =VLOOKUP(D89,EpisodeFormats!$A$3:$B$999,2,0) -> Series | F89: 1 | G89: =VLOOKUP(F89,Doctors!$A$3:$B$999,2,0) -> William Hartnell | H89: 3 | I89: 1 | J89: =VLOOKUP(I89,SeasonFormats!$A$3:$B$999,2,0) -> Season | K89: 20 | L89: 3 | M89: The Myth Makers | N89: 1 | O89: Temple of Secrets | P89: 6 | Q89: 1965-10-16 | R89: -25 | S89: 1 | T89: 23 | U89: {=_xlfn.TEXTJOIN(",",TRUE,_xlfn.XLOOKUP(_xlfn.FILTERXML("<t><s>" & SUBSTITUTE(T89,",","</s><s>") & "</s></t>", "//s"),Writers!$A$3:$A$999,Writers!$B$3:$B$999,""))} -> Donald Cotton | W89: =IF(V89="","",_xlfn.XLOOKUP(V89,Writers!$A$3:$A$999,Writers!$B$3:$B$999,"")) | X89: 8.3 | AA89: =IF(ISBLANK(X89),"",ROUND(X89*AE89,2)) -> 10.43 | AB89: =IF(ISBLANK(Y89),"",ROUND(Y89*AE89,2)) | AC89: =IF(ISBLANK(Z89),"",ROUND(Z89*AE89,2)) | AD89: =VLOOKUP(YEAR(Q89),Populations!$A$3:$B$999,2,0) -> 54349500 | AE89: =(Calculations!B1/AD89) -> 1.256772 | AG89: 1 | AH89: =VLOOKUP(AG89,WikiFormats!$A$3:$B$999,2,0) -> Story | AI89: https://en.wikipedia.org/wiki/The_Myth_Makers
A90: 88 | B90: 1 | C90: =VLOOKUP(B90,Eras!$A$3:$B$999,2,0) -> Classic | D90: 1 | E90: =VLOOKUP(D90,EpisodeFormats!$A$3:$B$999,2,0) -> Series | F90: 1 | G90: =VLOOKUP(F90,Doctors!$A$3:$B$999,2,0) -> William Hartnell | H90: 3 | I90: 1 | J90: =VLOOKUP(I90,SeasonFormats!$A$3:$B$999,2,0) -> Season | K90: 20 | L90: 3 | M90: The Myth Makers | N90: 2 | O90: Small Prophet, Quick Return | P90: 7 | Q90: 1965-10-23 | R90: -25 | S90: 1 | T90: 23 | U90: {=_xlfn.TEXTJOIN(",",TRUE,_xlfn.XLOOKUP(_xlfn.FILTERXML("<t><s>" & SUBSTITUTE(T90,",","</s><s>") & "</s></t>", "//s"),Writers!$A$3:$A$999,Writers!$B$3:$B$999,""))} -> Donald Cotton | W90: =IF(V90="","",_xlfn.XLOOKUP(V90,Writers!$A$3:$A$999,Writers!$B$3:$B$999,"")) | X90: 8.1 | AA90: =IF(ISBLANK(X90),"",ROUND(X90*AE90,2)) -> 10.18 | AB90: =IF(ISBLANK(Y90),"",ROUND(Y90*AE90,2)) | AC90: =IF(ISBLANK(Z90),"",ROUND(Z90*AE90,2)) | AD90: =VLOOKUP(YEAR(Q90),Populations!$A$3:$B$999,2,0) -> 54349500 | AE90: =(Calculations!B1/AD90) -> 1.256772 | AG90: 1 | AH90: =VLOOKUP(AG90,WikiFormats!$A$3:$B$999,2,0) -> Story | AI90: https://en.wikipedia.org/wiki/The_Myth_Makers
A91: 89 | B91: 1 | C91: =VLOOKUP(B91,Eras!$A$3:$B$999,2,0) -> Classic | D91: 1 | E91: =VLOOKUP(D91,EpisodeFormats!$A$3:$B$999,2,0) -> Series | F91: 1 | G91: =VLOOKUP(F91,Doctors!$A$3:$B$999,2,0) -> William Hartnell | H91: 3 | I91: 1 | J91: =VLOOKUP(I91,SeasonFormats!$A$3:$B$999,2,0) -> Season | K91: 20 | L91: 3 | M91: The Myth Makers | N91: 3 | O91: Death of a Spy | P91: 8 | Q91: 1965-10-30 | R91: -25 | S91: 1 | T91: 23 | U91: {=_xlfn.TEXTJOIN(",",TRUE,_xlfn.XLOOKUP(_xlfn.FILTERXML("<t><s>" & SUBSTITUTE(T91,",","</s><s>") & "</s></t>", "//s"),Writers!$A$3:$A$999,Writers!$B$3:$B$999,""))} -> Donald Cotton | W91: =IF(V91="","",_xlfn.XLOOKUP(V91,Writers!$A$3:$A$999,Writers!$B$3:$B$999,"")) | X91: 8.7 | AA91: =IF(ISBLANK(X91),"",ROUND(X91*AE91,2)) -> 10.93 | AB91: =IF(ISBLANK(Y91),"",ROUND(Y91*AE91,2)) | AC91: =IF(ISBLANK(Z91),"",ROUND(Z91*AE91,2)) | AD91: =VLOOKUP(YEAR(Q91),Populations!$A$3:$B$999,2,0) -> 54349500 | AE91: =(Calculations!B1/AD91) -> 1.256772 | AG91: 1 | AH91: =VLOOKUP(AG91,WikiFormats!$A$3:$B$999,2,0) -> Story | AI91: https://en.wikipedia.org/wiki/The_Myth_Makers
A92: 90 | B92: 1 | C92: =VLOOKUP(B92,Eras!$A$3:$B$999,2,0) -> Classic | D92: 1 | E92: =VLOOKUP(D92,EpisodeFormats!$A$3:$B$999,2,0) -> Series | F92: 1 | G92: =VLOOKUP(F92,Doctors!$A$3:$B$999,2,0) -> William Hartnell | H92: 3 | I92: 1 | J92: =VLOOKUP(I92,SeasonFormats!$A$3:$B$999,2,0) -> Season | K92: 20 | L92: 3 | M92: The Myth Makers | N92: 4 | O92: Horse of Destruction | P92: 9 | Q92: 1965-11-06 | R92: -25 | S92: 1 | T92: 23 | U92: {=_xlfn.TEXTJOIN(",",TRUE,_xlfn.XLOOKUP(_xlfn.FILTERXML("<t><s>" & SUBSTITUTE(T92,",","</s><s>") & "</s></t>", "//s"),Writers!$A$3:$A$999,Writers!$B$3:$B$999,""))} -> Donald Cotton | W92: =IF(V92="","",_xlfn.XLOOKUP(V92,Writers!$A$3:$A$999,Writers!$B$3:$B$999,"")) | X92: 8.3 | AA92: =IF(ISBLANK(X92),"",ROUND(X92*AE92,2)) -> 10.43 | AB92: =IF(ISBLANK(Y92),"",ROUND(Y92*AE92,2)) | AC92: =IF(ISBLANK(Z92),"",ROUND(Z92*AE92,2)) | AD92: =VLOOKUP(YEAR(Q92),Populations!$A$3:$B$999,2,0) -> 54349500 | AE92: =(Calculations!B1/AD92) -> 1.256772 | AG92: 1 | AH92: =VLOOKUP(AG92,WikiFormats!$A$3:$B$999,2,0) -> Story | AI92: https://en.wikipedia.org/wiki/The_Myth_Makers
A93: 91 | B93: 1 | C93: =VLOOKUP(B93,Eras!$A$3:$B$999,2,0) -> Classic | D93: 1 | E93: =VLOOKUP(D93,EpisodeFormats!$A$3:$B$999,2,0) -> Series | F93: 1 | G93: =VLOOKUP(F93,Doctors!$A$3:$B$999,2,0) -> William Hartnell | H93: 3 | I93: 1 | J93: =VLOOKUP(I93,SeasonFormats!$A$3:$B$999,2,0) -> Season | K93: 21 | L93: 4 | M93: The Daleks' Master Plan | N93: 1 | O93: The Nightmare Begins | P93: 10 | Q93: 1965-11-13 | R93: -25 | T93: 81 | U93: {=_xlfn.TEXTJOIN(",",TRUE,_xlfn.XLOOKUP(_xlfn.FILTERXML("<t><s>" & SUBSTITUTE(T93,",","</s><s>") & "</s></t>", "//s"),Writers!$A$3:$A$999,Writers!$B$3:$B$999,""))} -> Terry Nation | W93: =IF(V93="","",_xlfn.XLOOKUP(V93,Writers!$A$3:$A$999,Writers!$B$3:$B$999,"")) | X93: 9.1 | AA93: =IF(ISBLANK(X93),"",ROUND(X93*AE93,2)) -> 11.44 | AB93: =IF(ISBLANK(Y93),"",ROUND(Y93*AE93,2)) | AC93: =IF(ISBLANK(Z93),"",ROUND(Z93*AE93,2)) | AD93: =VLOOKUP(YEAR(Q93),Populations!$A$3:$B$999,2,0) -> 54349500 | AE93: =(Calculations!B1/AD93) -> 1.256772 | AG93: 1 | AH93: =VLOOKUP(AG93,WikiFormats!$A$3:$B$999,2,0) -> Story | AI93: https://en.wikipedia.org/wiki/The_Daleks%27_Master_Plan
A94: 92 | B94: 1 | C94: =VLOOKUP(B94,Eras!$A$3:$B$999,2,0) -> Classic | D94: 1 | E94: =VLOOKUP(D94,EpisodeFormats!$A$3:$B$999,2,0) -> Series | F94: 1 | G94: =VLOOKUP(F94,Doctors!$A$3:$B$999,2,0) -> William Hartnell | H94: 3 | I94: 1 | J94: =VLOOKUP(I94,SeasonFormats!$A$3:$B$999,2,0) -> Season | K94: 21 | L94: 4 | M94: The Daleks' Master Plan | N94: 2 | O94: Day of Armageddon | P94: 11 | Q94: 1965-11-20 | R94: 24 | T94: 81 | U94: {=_xlfn.TEXTJOIN(",",TRUE,_xlfn.XLOOKUP(_xlfn.FILTERXML("<t><s>" & SUBSTITUTE(T94,",","</s><s>") & "</s></t>", "//s"),Writers!$A$3:$A$999,Writers!$B$3:$B$999,""))} -> Terry Nation | W94: =IF(V94="","",_xlfn.XLOOKUP(V94,Writers!$A$3:$A$999,Writers!$B$3:$B$999,"")) | X94: 9.8 | AA94: =IF(ISBLANK(X94),"",ROUND(X94*AE94,2)) -> 12.32 | AB94: =IF(ISBLANK(Y94),"",ROUND(Y94*AE94,2)) | AC94: =IF(ISBLANK(Z94),"",ROUND(Z94*AE94,2)) | AD94: =VLOOKUP(YEAR(Q94),Populations!$A$3:$B$999,2,0) -> 54349500 | AE94: =(Calculations!B1/AD94) -> 1.256772 | AG94: 1 | AH94: =VLOOKUP(AG94,WikiFormats!$A$3:$B$999,2,0) -> Story | AI94: https://en.wikipedia.org/wiki/The_Daleks%27_Master_Plan
A95: 93 | B95: 1 | C95: =VLOOKUP(B95,Eras!$A$3:$B$999,2,0) -> Classic | D95: 1 | E95: =VLOOKUP(D95,EpisodeFormats!$A$3:$B$999,2,0) -> Series | F95: 1 | G95: =VLOOKUP(F95,Doctors!$A$3:$B$999,2,0) -> William Hartnell | H95: 3 | I95: 1 | J95: =VLOOKUP(I95,SeasonFormats!$A$3:$B$999,2,0) -> Season | K95: 21 | L95: 4 | M95: The Daleks' Master Plan | N95: 3 | O95: Devil's Planet | P95: 12 | Q95: 1965-11-27 | R95: -25 | T95: 81 | U95: {=_xlfn.TEXTJOIN(",",TRUE,_xlfn.XLOOKUP(_xlfn.FILTERXML("<t><s>" & SUBSTITUTE(T95,",","</s><s>") & "</s></t>", "//s"),Writers!$A$3:$A$999,Writers!$B$3:$B$999,""))} -> Terry Nation | W95: =IF(V95="","",_xlfn.XLOOKUP(V95,Writers!$A$3:$A$999,Writers!$B$3:$B$999,"")) | X95: 10.3 | AA95: =IF(ISBLANK(X95),"",ROUND(X95*AE95,2)) -> 12.94 | AB95: =IF(ISBLANK(Y95),"",ROUND(Y95*AE95,2)) | AC95: =IF(ISBLANK(Z95),"",ROUND(Z95*AE95,2)) | AD95: =VLOOKUP(YEAR(Q95),Populations!$A$3:$B$999,2,0) -> 54349500 | AE95: =(Calculations!B1/AD95) -> 1.256772 | AG95: 1 | AH95: =VLOOKUP(AG95,WikiFormats!$A$3:$B$999,2,0) -> Story | AI95: https://en.wikipedia.org/wiki/The_Daleks%27_Master_Plan
A96: 94 | B96: 1 | C96: =VLOOKUP(B96,Eras!$A$3:$B$999,2,0) -> Classic | D96: 1 | E96: =VLOOKUP(D96,EpisodeFormats!$A$3:$B$999,2,0) -> Series | F96: 1 | G96: =VLOOKUP(F96,Doctors!$A$3:$B$999,2,0) -> William Hartnell | H96: 3 | I96: 1 | J96: =VLOOKUP(I96,SeasonFormats!$A$3:$B$999,2,0) -> Season | K96: 21 | L96: 4 | M96: The Daleks' Master Plan | N96: 4 | O96: The Traitors | P96: 13 | Q96: 1965-12-04 | R96: -25 | S96: 1 | T96: 81 | U96: {=_xlfn.TEXTJOIN(",",TRUE,_xlfn.XLOOKUP(_xlfn.FILTERXML("<t><s>" & SUBSTITUTE(T96,",","</s><s>") & "</s></t>", "//s"),Writers!$A$3:$A$999,Writers!$B$3:$B$999,""))} -> Terry Nation | W96: =IF(V96="","",_xlfn.XLOOKUP(V96,Writers!$A$3:$A$999,Writers!$B$3:$B$999,"")) | X96: 9.5 | AA96: =IF(ISBLANK(X96),"",ROUND(X96*AE96,2)) -> 11.94 | AB96: =IF(ISBLANK(Y96),"",ROUND(Y96*AE96,2)) | AC96: =IF(ISBLANK(Z96),"",ROUND(Z96*AE96,2)) | AD96: =VLOOKUP(YEAR(Q96),Populations!$A$3:$B$999,2,0) -> 54349500 | AE96: =(Calculations!B1/AD96) -> 1.256772 | AG96: 1 | AH96: =VLOOKUP(AG96,WikiFormats!$A$3:$B$999,2,0) -> Story | AI96: https://en.wikipedia.org/wiki/The_Daleks%27_Master_Plan
A97: 95 | B97: 1 | C97: =VLOOKUP(B97,Eras!$A$3:$B$999,2,0) -> Classic | D97: 1 | E97: =VLOOKUP(D97,EpisodeFormats!$A$3:$B$999,2,0) -> Series | F97: 1 | G97: =VLOOKUP(F97,Doctors!$A$3:$B$999,2,0) -> William Hartnell | H97: 3 | I97: 1 | J97: =VLOOKUP(I97,SeasonFormats!$A$3:$B$999,2,0) -> Season | K97: 21 | L97: 4 | M97: The Daleks' Master Plan | N97: 5 | O97: Counter Plot | P97: 14 | Q97: 1965-12-11 | R97: 25 | T97: 81 | U97: {=_xlfn.TEXTJOIN(",",TRUE,_xlfn.XLOOKUP(_xlfn.FILTERXML("<t><s>" & SUBSTITUTE(T97,",","</s><s>") & "</s></t>", "//s"),Writers!$A$3:$A$999,Writers!$B$3:$B$999,""))} -> Terry Nation | W97: =IF(V97="","",_xlfn.XLOOKUP(V97,Writers!$A$3:$A$999,Writers!$B$3:$B$999,"")) | X97: 9.9 | AA97: =IF(ISBLANK(X97),"",ROUND(X97*AE97,2)) -> 12.44 | AB97: =IF(ISBLANK(Y97),"",ROUND(Y97*AE97,2)) | AC97: =IF(ISBLANK(Z97),"",ROUND(Z97*AE97,2)) | AD97: =VLOOKUP(YEAR(Q97),Populations!$A$3:$B$999,2,0) -> 54349500 | AE97: =(Calculations!B1/AD97) -> 1.256772 | AG97: 1 | AH97: =VLOOKUP(AG97,WikiFormats!$A$3:$B$999,2,0) -> Story | AI97: https://en.wikipedia.org/wiki/The_Daleks%27_Master_Plan
A98: 96 | B98: 1 | C98: =VLOOKUP(B98,Eras!$A$3:$B$999,2,0) -> Classic | D98: 1 | E98: =VLOOKUP(D98,EpisodeFormats!$A$3:$B$999,2,0) -> Series | F98: 1 | G98: =VLOOKUP(F98,Doctors!$A$3:$B$999,2,0) -> William Hartnell | H98: 3 | I98: 1 | J98: =VLOOKUP(I98,SeasonFormats!$A$3:$B$999,2,0) -> Season | K98: 21 | L98: 4 | M98: The Daleks' Master Plan | N98: 6 | O98: Coronas of the Sun | P98: 15 | Q98: 1965-12-18 | R98: -25 | S98: 1 | T98: 101 | U98: {=_xlfn.TEXTJOIN(",",TRUE,_xlfn.XLOOKUP(_xlfn.FILTERXML("<t><s>" & SUBSTITUTE(T98,",","</s><s>") & "</s></t>", "//s"),Writers!$A$3:$A$999,Writers!$B$3:$B$999,""))} -> Dennis Spooner | W98: =IF(V98="","",_xlfn.XLOOKUP(V98,Writers!$A$3:$A$999,Writers!$B$3:$B$999,"")) | X98: 9.1 | AA98: =IF(ISBLANK(X98),"",ROUND(X98*AE98,2)) -> 11.44 | AB98: =IF(ISBLANK(Y98),"",ROUND(Y98*AE98,2)) | AC98: =IF(ISBLANK(Z98),"",ROUND(Z98*AE98,2)) | AD98: =VLOOKUP(YEAR(Q98),Populations!$A$3:$B$999,2,0) -> 54349500 | AE98: =(Calculations!B1/AD98) -> 1.256772 | AG98: 1 | AH98: =VLOOKUP(AG98,WikiFormats!$A$3:$B$999,2,0) -> Story | AI98: https://en.wikipedia.org/wiki/The_Daleks%27_Master_Plan
A99: 97 | B99: 1 | C99: =VLOOKUP(B99,Eras!$A$3:$B$999,2,0) -> Classic | D99: 1 | E99: =VLOOKUP(D99,EpisodeFormats!$A$3:$B$999,2,0) -> Series | F99: 1 | G99: =VLOOKUP(F99,Doctors!$A$3:$B$999,2,0) -> William Hartnell | H99: 3 | I99: 1 | J99: =VLOOKUP(I99,SeasonFormats!$A$3:$B$999,2,0) -> Season | K99: 21 | L99: 4 | M99: The Daleks' Master Plan | N99: 7 | O99: The Feast of Steven | P99: 16 | Q99: 1965-12-25 | R99: -25 | S99: 1 | T99: 81 | U99: {=_xlfn.TEXTJOIN(",",TRUE,_xlfn.XLOOKUP(_xlfn.FILTERXML("<t><s>" & SUBSTITUTE(T99,",","</s><s>") & "</s></t>", "//s"),Writers!$A$3:$A$999,Writers!$B$3:$B$999,""))} -> Terry Nation | W99: =IF(V99="","",_xlfn.XLOOKUP(V99,Writers!$A$3:$A$999,Writers!$B$3:$B$999,"")) | X99: 7.9 | AA99: =IF(ISBLANK(X99),"",ROUND(X99*AE99,2)) -> 9.93 | AB99: =IF(ISBLANK(Y99),"",ROUND(Y99*AE99,2)) | AC99: =IF(ISBLANK(Z99),"",ROUND(Z99*AE99,2)) | AD99: =VLOOKUP(YEAR(Q99),Populations!$A$3:$B$999,2,0) -> 54349500 | AE99: =(Calculations!B1/AD99) -> 1.256772 | AG99: 1 | AH99: =VLOOKUP(AG99,WikiFormats!$A$3:$B$999,2,0) -> Story | AI99: https://en.wikipedia.org/wiki/The_Daleks%27_Master_Plan
A100: 98 | B100: 1 | C100: =VLOOKUP(B100,Eras!$A$3:$B$999,2,0) -> Classic | D100: 1 | E100: =VLOOKUP(D100,EpisodeFormats!$A$3:$B$999,2,0) -> Series | F100: 1 | G100: =VLOOKUP(F100,Doctors!$A$3:$B$999,2,0) -> William Hartnell | H100: 3 | I100: 1 | J100: =VLOOKUP(I100,SeasonFormats!$A$3:$B$999,2,0) -> Season | K100: 21 | L100: 4 | M100: The Daleks' Master Plan | N100: 8 | O100: Volcano | P100: 17 | Q100: 1966-01-01 | R100: -25 | S100: 1 | T100: 101 | U100: {=_xlfn.TEXTJOIN(",",TRUE,_xlfn.XLOOKUP(_xlfn.FILTERXML("<t><s>" & SUBSTITUTE(T100,",","</s><s>") & "</s></t>", "//s"),Writers!$A$3:$A$999,Writers!$B$3:$B$999,""))} -> Dennis Spooner | W100: =IF(V100="","",_xlfn.XLOOKUP(V100,Writers!$A$3:$A$999,Writers!$B$3:$B$999,"")) | X100: 9.6 | AA100: =IF(ISBLANK(X100),"",ROUND(X100*AE100,2)) -> 12 | AB100: =IF(ISBLANK(Y100),"",ROUND(Y100*AE100,2)) | AC100: =IF(ISBLANK(Z100),"",ROUND(Z100*AE100,2)) | AD100: =VLOOKUP(YEAR(Q100),Populations!$A$3:$B$999,2,0) -> 54642700 | AE100: =(Calculations!B1/AD100) -> 1.2500285 | AG100: 1 | AH100: =VLOOKUP(AG100,WikiFormats!$A$3:$B$999,2,0) -> Story | AI100: https://en.wikipedia.org/wiki/The_Daleks%27_Master_Plan
A101: 99 | B101: 1 | C101: =VLOOKUP(B101,Eras!$A$3:$B$999,2,0) -> Classic | D101: 1 | E101: =VLOOKUP(D101,EpisodeFormats!$A$3:$B$999,2,0) -> Series | F101: 1 | G101: =VLOOKUP(F101,Doctors!$A$3:$B$999,2,0) -> William Hartnell | H101: 3 | I101: 1 | J101: =VLOOKUP(I101,SeasonFormats!$A$3:$B$999,2,0) -> Season | K101: 21 | L101: 4 | M101: The Daleks' Master Plan | N101: 9 | O101: Golden Death | P101: 18 | Q101: 1966-01-08 | R101: -25 | S101: 1 | T101: 101 | U101: {=_xlfn.TEXTJOIN(",",TRUE,_xlfn.XLOOKUP(_xlfn.FILTERXML("<t><s>" & SUBSTITUTE(T101,",","</s><s>") & "</s></t>", "//s"),Writers!$A$3:$A$999,Writers!$B$3:$B$999,""))} -> Dennis Spooner | W101: =IF(V101="","",_xlfn.XLOOKUP(V101,Writers!$A$3:$A$999,Writers!$B$3:$B$999,"")) | X101: 9.2 | AA101: =IF(ISBLANK(X101),"",ROUND(X101*AE101,2)) -> 11.5 | AB101: =IF(ISBLANK(Y101),"",ROUND(Y101*AE101,2)) | AC101: =IF(ISBLANK(Z101),"",ROUND(Z101*AE101,2)) | AD101: =VLOOKUP(YEAR(Q101),Populations!$A$3:$B$999,2,0) -> 54642700 | AE101: =(Calculations!B1/AD101) -> 1.2500285 | AG101: 1 | AH101: =VLOOKUP(AG101,WikiFormats!$A$3:$B$999,2,0) -> Story | AI101: https://en.wikipedia.org/wiki/The_Daleks%27_Master_Plan
...

Sheet Doctors
A1: Number | B1: Actor
A3: 1 | B3: William Hartnell
A4: 2 | B4: Patrick Troughton
A5: 3 | B5: Jon Pertwee
A6: 4 | B6: Tom Baker
A7: 5 | B7: Peter Davison
A8: 6 | B8: Colin Baker
A9: 7 | B9: Sylvester McCoy
A10: 8 | B10: Paul McGann
A11: 9 | B11: Christopher Eccleston
A12: 10 | B12: David Tennant
A13: 11 | B13: Matt Smith
A14: 12 | B14: Peter Capaldi
... A17: 15 | B17: Ncuti Gatwa

Sheet SeasonFormats
A1: Id | B1: Description
A3: 1 | B3: Season
A4: 2 | B4: Movie
A5: 3 | B5: Series
A6: 4 | B6: Special

Sheet EpisodeFormats
A1: Id | B1: Description
A3: 1 | B3: Series
A4: 2 | B4: Special
A5: 3 | B5: Movie

Sheet Eras
A1: Id | B1: Description
A3: 1 | B3: Classic
A4: 2 | B4: Movie/Universal
A5: 3 | B5: New
A6: 4 | B6: New/Disney

Sheet Writers
A1: Id | B1: Name | C1: IsAlias | D1: Note
A3: 1 | B3: Ben Aaronovitch
A4: 2 | B4: Douglas Adams
A5: 3 | B5: David Agnew | C5: 1 | D5: (Graham Williams and Anthony Read), (Douglas Adams and Graham Williams, from a story by David Fisher)
A6: 4 | B6: Maxine Alderton
A7: 5 | B7: Sharma Angel-Walfall
A8: 6 | B8: Norman Ashby | C8: 1 | D8: (Mervyn Haisman and Henry Lincoln)
A9: 7 | B9: Christopher Bailey
A10: 8 | B10: Bob Baker
A11: 9 | B11: Pip and Jane Baker
A12: 10 | B12: Mike Bartlett
A13: 11 | B13: Christopher H. Bidmead
A14: 12 | B14: Ian Stuart Black
A15: 13 | B15: Malorie Blackman
A16: 14 | B16: Robin Bland | C16: 1 | D16: (Terrance Dicks and Robert Holmes)
A17: 15 | B17: Chris Boucher
A18: 16 | B18: Ian Briggs
A19: 17 | B19: Johnny Byrne
A20: 18 | B20: Chris Chibnall
A21: 19 | B21: Kevin Clarke
A22: 20 | B22: Barbara Clegg
A23: 21 | B23: Anthony Coburn
A24: 22 | B24: Paul Cornell
A25: 23 | B25: Donald Cotton
A26: 24 | B26: Frank Cottrell-Boyce
A27: 25 | B27: Neil Cross
A28: 26 | B28: Graeme Curry
... A51: 49 | B51: Peter Harness
A52: 50 | B52: Stephen Harris | C52: 1 | D52: (Lewis Greifer and Robert Holmes)
A53: 51 | B53: Brian Hayles
A54: 52 | B54: Kate Herron
A55: 53 | B55: Ed Hime
A56: 54 | B56: Robert Holmes
A57: 55 | B57: Don Houghton
A58: 56 | B58: Malcolm Hulke
A59: 57 | B59: Matthew Jacobs
A60: 58 | B60: Charlene James
A61: 59 | B61: Elwyn Jones
A62: 60 | B62: Glyn Jones
A63: 61 | B63: Matt Jones
A64: 62 | B64: Malcolm Kohll
A65: 63 | B65: Guy Leopold | C65: 1 | D65: (Barry Letts and Robert Sloman)
A66: 64 | B66: Barry Letts
A67: 65 | B67: Henry Lincoln
A68: 66 | B68: Peter Ling
A69: 67 | B69: John Lucarotti
A70: 68 | B70: Tom MacRae
A71: 69 | B71: Louis Marks
A72: 70 | B72: Dave Martin
A73: 71 | B73: Philip Martin
A74: 72 | B74: Jamie Mathieson
A75: 73 | B75: Glen McCoy
A76: 74 | B76: Andrew McCulloch
A77: 75 | B77: Pete McTighe
... A115: 113 | B115: Stephen Wyatt

Sheet WikiFormats
A1: Id | B1: Description
A3: 1 | B3: Story
A4: 2 | B4: Episode

Sheet Populations
A1: Year | B1: Population | C1: Note
A3: 1963 | B3: 53624900
A4: 1964 | B4: 53990800
A5: 1965 | B5: 54349500
A6: 1966 | B6: 54642700
A7: 1967 | B7: 54959000
A8: 1968 | B8: 55213500
A9: 1969 | B9: 55460600
A10: 1970 | B10: 55632200
A11: 1971 | B11: 55928000
A12: 1972 | B12: 56096700
A13: 1973 | B13: 56222900
A14: 1974 | B14: 56235600
... A60: 2020 | B60: 67081200
A61: 2021 | B61: 67350695 | C61: Projection only
A62: 2022 | B62: 67595824 | C62: Projection only
A63: 2023 | B63: 67844315 | C63: Projection only
A64: 2024 | B64: 68081792 | C64: Projection only
A65: 2025 | B65: 68304932 | C65: Projection only

Sheet Calculations
A1: CurrentPopulation | B1: {=LOOKUP(2,1/(NOT(ISBLANK(Populations!B:B))),Populations!B:B)} -> 68304932
